Stock Ticker,Market Cap,Stock Price,Sector,Industry
NVDA,4532882500000.0,188.85,N/A,SEMICONDUCTORS & RELATED DEVICES
AAPL,4017099326580.0,271.01,N/A,ELECTRONIC COMPUTERS
GOOG,3786624600000.0,315.32,N/A,"SERVICES-COMPUTER PROGRAMMING, DATA PROCESSING, ETC."
GOOGL,3776971000000.0,315.15,N/A,"SERVICES-COMPUTER PROGRAMMING, DATA PROCESSING, ETC."
MSFT,3594446481511.1,472.94,N/A,SERVICES-PREPACKAGED SOFTWARE
AMZN,2467515659659.02,226.5,N/A,RETAIL-CATALOG & MAIL-ORDER HOUSES
META,1663775061503.73,650.41,N/A,"SERVICES-COMPUTER PROGRAMMING, DATA PROCESSING, ETC."
AVGO,1640954861833.9001,347.62,N/A,SEMICONDUCTORS & RELATED DEVICES
TSLA,1495687395783.24,438.07,N/A,MOTOR VEHICLES & PASSENGER CAR BODIES
WMT,887956301459.24,112.76,N/A,RETAIL-VARIETY STORES
PLTR,423655809079.5,167.86,N/A,SERVICES-PREPACKAGED SOFTWARE
NFLX,397719571708.80005,90.99,N/A,SERVICES-VIDEO TAPE RENTAL
COST,382766347881.74,854.5,N/A,RETAIL-VARIETY STORES
AMD,348661376206.4,223.47,N/A,SEMICONDUCTORS & RELATED DEVICES
MU,321231598182.01,315.42,N/A,SEMICONDUCTORS & RELATED DEVICES
CSCO,304352814187.89,76.04,N/A,COMPUTER COMMUNICATIONS EQUIPMENT
APP,227720838100.00003,618.32,N/A,"SERVICES-COMPUTER PROGRAMMING, DATA PROCESSING, ETC."
TMUS,227101585343.03998,199.58,N/A,RADIOTELEPHONE COMMUNICATIONS
LRCX,215007215400.0,185.06,N/A,"SPECIAL INDUSTRY MACHINERY, NEC"
SHOP,209557650808.15,157.2,N/A,SERVICES-PREPACKAGED SOFTWARE
AMAT,203778515628.34,268.87,N/A,SEMICONDUCTORS & RELATED DEVICES
ISRG,200772395904.28,561.98,N/A,"ORTHOPEDIC, PROSTHETIC & SURGICAL APPLIANCES & SUPPLIES"
LIN,199102354262.69998,429.11,N/A,INDUSTRIAL INORGANIC CHEMICALS
PEP,196240654309.44,142.23,N/A,BEVERAGES
INTU,184334314086.34,629.46,N/A,SERVICES-PREPACKAGED SOFTWARE
QCOM,183194550000.0,172.98,N/A,RADIO & TV BROADCASTING & COMMUNICATIONS EQUIPMENT
AMGN,176250108425.01,327.64,N/A,"BIOLOGICAL PRODUCTS, (NO DISGNOSTIC SUBSTANCES)"
INTC,176013000000.0,39.38,N/A,SEMICONDUCTORS & RELATED DEVICES
BKNG,172622716483.95,5323.2,N/A,TRANSPORTATION SERVICES
KLAC,159652202057.03998,1274.47,N/A,OPTICAL INSTRUMENTS & LENSES
TXN,157637007739.80002,177.52,N/A,SEMICONDUCTORS & RELATED DEVICES
GILD,152281016927.02,121.6,N/A,"BIOLOGICAL PRODUCTS, (NO DISGNOSTIC SUBSTANCES)"
ADBE,146505814000.0,333.3,N/A,SERVICES-PREPACKAGED SOFTWARE
ADI,132794191106.4,273.74,N/A,SEMICONDUCTORS & RELATED DEVICES
PANW,128387399999.99998,179.37,N/A,"COMPUTER PERIPHERAL EQUIPMENT, NEC"
HON,123860145408.72,195.88,N/A,AIRCRAFT ENGINES & ENGINE PARTS
CRWD,118173664734.4,453.58,N/A,SERVICES-PREPACKAGED SOFTWARE
VRTX,115025969222.16,452.13,N/A,PHARMACEUTICAL PREPARATIONS
CEG,110322716561.59999,366.25,N/A,ELECTRIC SERVICES
CMCSA,108916006754.45,29.54,N/A,CABLE & OTHER PAY TELEVISION SERVICES
ADP,104036350419.12001,252.88,N/A,SERVICES-COMPUTER PROCESSING & DATA PREPARATION
MELI,102117305815.31999,1973.7,N/A,"SERVICES-BUSINESS SERVICES, NEC"
HOOD,101698261083.9,115.21,N/A,"SECURITY BROKERS, DEALERS & FLOTATION COMPANIES"
CME,98472589287.79999,269.68,N/A,"SECURITY & COMMODITY BROKERS, DEALERS, EXCHANGES & SERVICES"
DASH,97612544583.12,219.79,N/A,"SERVICES-BUSINESS SERVICES, NEC"
SBUX,95755191000.0,83.97,N/A,RETAIL-EATING & DRINKING PLACES
SNPS,89865987722.32,480.42,N/A,SERVICES-PREPACKAGED SOFTWARE
CDNS,85084588580.0,310.4,N/A,SERVICES-PREPACKAGED SOFTWARE
MAR,83253460880.8,313.41,N/A,HOTELS & MOTELS
ABNB,82293788884.31999,133.01,N/A,SERVICES-TO DWELLINGS & OTHER BUILDINGS
REGN,81123123277.68001,776.31,N/A,PHARMACEUTICAL PREPARATIONS
ORLY,76990734231.31999,90.34,N/A,RETAIL-AUTO & HOME SUPPLY STORES
CTAS,75782430360.0,184.88,N/A,"MEN'S & BOYS' FURNISHGS, WORK CLOTHG, & ALLIED GARMENTS"
EQIX,75226245520.48,764.11,N/A,REAL ESTATE INVESTMENT TRUSTS
MNST,74908216630.72,76.16,N/A,BOTTLED & CANNED SOFT DRINKS & CARBONATED WATERS
MRVL,72071538000.0,89.39,N/A,SEMICONDUCTORS & RELATED DEVICES
WBD,71427453329.54,28.51,N/A,CABLE & OTHER PAY TELEVISION SERVICES
MDLZ,69459997624.36,53.65,N/A,FOOD AND KINDRED PRODUCTS
CSX,67502464655.0,36.27,N/A,"RAILROADS, LINE-HAUL OPERATING"
ADSK,62754120000.0,286.73,N/A,SERVICES-PREPACKAGED SOFTWARE
AEP,61586440254.3,115.81,N/A,ELECTRIC SERVICES
COIN,60980372829.96,236.53,N/A,FINANCE SERVICES
STX,59999784951.06,287.54,N/A,COMPUTER STORAGE DEVICES
FTNT,59053095779.82,77.88,N/A,"COMPUTER PERIPHERAL EQUIPMENT, NEC"
WDC,58898989137.87,187.7,N/A,COMPUTER STORAGE DEVICES
TRI,58670275610.42999,126.36,N/A,
ROST,58265369329.92,182.74,N/A,RETAIL-FAMILY CLOTHING STORES
PCAR,57515129354.090004,111.56,N/A,MOTOR VEHICLES & PASSENGER CAR BODIES
WDAY,56487140000.0,205.79,N/A,SERVICES-COMPUTER PROCESSING & DATA PREPARATION
NDAQ,55460786407.29,96.66,N/A,"SECURITY & COMMODITY BROKERS, DEALERS, EXCHANGES & SERVICES"
NXPI,54628460675.26,221.28,N/A,SEMICONDUCTORS & RELATED DEVICES
PYPL,54623361016.14,58.14,N/A,"SERVICES-BUSINESS SERVICES, NEC"
IDXX,54021820284.9,669.99,N/A,IN VITRO & IN VIVO DIAGNOSTIC SUBSTANCES
ALNY,52535059727.7,400.17,N/A,PHARMACEUTICAL PREPARATIONS
EA,51104185338.57,204.41,N/A,SERVICES-PREPACKAGED SOFTWARE
ROP,47912649215.9,434.54,N/A,"INDUSTRIAL INSTRUMENTS FOR MEASUREMENT, DISPLAY, AND CONTROL"
DDOG,47687715156.51,133.77,N/A,SERVICES-PREPACKAGED SOFTWARE
TTWO,47308924356.95999,251.6,N/A,SERVICES-PREPACKAGED SOFTWARE
FER,46244801717.659996,64.55,N/A,
FAST,46070673483.73,40.44,N/A,"RETAIL-BUILDING MATERIALS, HARDWARE, GARDEN SUPPLY"
PSNY,45289269270.68,19.81,N/A,
AXON,45114807615.24,563.45,N/A,"ORDNANCE & ACCESSORIES, (NO VEHICLES/GUIDED MISSILES)"
BKR,44937682586.28,47.14,N/A,OIL & GAS FIELD MACHINERY & EQUIPMENT
EXC,43951374874.44,43.92,N/A,ELECTRIC & OTHER SERVICES COMBINED
XEL,43691127633.78,74.68,N/A,ELECTRIC & OTHER SERVICES COMBINED
MSTR,43663400033.25,157.16,N/A,FINANCE SERVICES
MPWR,43420988520.0,936.31,N/A,SEMICONDUCTORS & RELATED DEVICES
FANG,43073395552.62,152.34,N/A,CRUDE PETROLEUM & NATURAL GAS
TEAM,42660833429.71999,154.76,N/A,SERVICES-PREPACKAGED SOFTWARE
CCEP,40694160843.5,88.21,N/A,
PAYX,40268968541.0,108.6,N/A,"SERVICES-ENGINEERING, ACCOUNTING, RESEARCH, MANAGEMENT"
CTSH,40059657259.0,81.28,N/A,SERVICES-COMPUTER PROGRAMMING SERVICES
EBAY,39369200000.0,87.06,N/A,"SERVICES-BUSINESS SERVICES, NEC"
KDP,38053913331.25,27.73,N/A,BEVERAGES
CPRT,37897892328.6,37.77,N/A,RETAIL-AUTO DEALERS & GASOLINE STATIONS
GEHC,37361880975.84,82.82,N/A,X-RAY APPARATUS & TUBES & RELATED IRRADIATION APPARATUS
RKLB,37262745790.08,75.99,N/A,GUIDED MISSILES & SPACE VEHICLES & PARTS
INSM,37118114544.759995,177.12,N/A,PHARMACEUTICAL PREPARATIONS
UAL,36200381929.979996,113.01,N/A,"AIR TRANSPORTATION, SCHEDULED"
FISV,36127511249.79,65.59,N/A,"SERVICES-BUSINESS SERVICES, NEC"
ZS,35868264103.36,220.57,N/A,SERVICES-COMPUTER PROGRAMMING SERVICES
CRWV,35684517034.32,79.32,N/A,SERVICES-PREPACKAGED SOFTWARE
SNDK,34788793631.02,275.24,N/A,COMPUTER STORAGE DEVICES
ACGL,34783079972.96,93.86,N/A,"FIRE, MARINE & CASUALTY INSURANCE"
EXPE,34714686824.65,282.94,N/A,TRANSPORTATION SERVICES
MCHP,34437272262.479996,65.03,N/A,SEMICONDUCTORS & RELATED DEVICES
MDB,34159307754.4,399.65,N/A,SERVICES-PREPACKAGED SOFTWARE
KMB,33484696473.24,101.4,N/A,CONVERTED PAPER & PAPERBOARD PRODS (NO CONTANERS/BOXES)
MDLN,33058957050.0,40.62,N/A,
SOFI,32998541677.64,27.46,N/A,FINANCE SERVICES
ODFL,32786635235.2,159.19,N/A,TRUCKING (NO LOCAL)
FOXA,32438894623.469997,73.76,N/A,TELEVISION BROADCASTING STATIONS
NTRA,31946398900.8,228.84,N/A,SERVICES-MEDICAL LABORATORIES
WTW,31462994231.800003,326.27,N/A,"INSURANCE AGENTS, BROKERS & SERVICE"
SATS,31292155440.5,112.18,N/A,"COMMUNICATIONS SERVICES, NEC"
VRSK,31176250183.3,221.02,N/A,SERVICES-COMPUTER PROCESSING & DATA PREPARATION
FITB,30943505730.510002,47.71,N/A,STATE COMMERCIAL BANKS
TER,30313103128.68,207.56,N/A,INSTRUMENTS FOR MEAS & TESTING OF ELECTRICITY & ELEC SIGNALS
FOX,28825200874.530003,65.96,N/A,TELEVISION BROADCASTING STATIONS
KHC,28703647790.75,24.39,N/A,"CANNED, FROZEN & PRESERVD FRUIT, VEG & FOOD SPECIALTIES"
IBKR,28641366364.27,67.23,N/A,"SECURITY BROKERS, DEALERS & FLOTATION COMPANIES"
LPLA,28587037449.74,361.63,N/A,"SECURITY & COMMODITY BROKERS, DEALERS, EXCHANGES & SERVICES"
CSGP,28497844466.839996,65.69,N/A,"SERVICES-BUSINESS SERVICES, NEC"
ALAB,28098805557.760002,179.56,N/A,SEMICONDUCTORS & RELATED DEVICES
FSLR,28032105673.43,274.34,N/A,SEMICONDUCTORS & RELATED DEVICES
HBAN,27322834687.2,17.48,N/A,NATIONAL COMMERCIAL BANKS
CHTR,27014205361.25,209.28,N/A,CABLE & OTHER PAY TELEVISION SERVICES
ULTA,26839557681.72,620.04,N/A,"RETAIL-RETAIL STORES, NEC"
ESLT,26826657102.0,591.96,N/A,
FCNCA,26688932991.359997,2158.64,N/A,STATE COMMERCIAL BANKS
TSCO,26425463785.95,50.83,N/A,"RETAIL-BUILDING MATERIALS, HARDWARE, GARDEN SUPPLY"
EXE,26284407760.92,109.77,N/A,CRUDE PETROLEUM & NATURAL GAS
LITE,26137671548.1,386.11,N/A,"COMMUNICATIONS EQUIPMENT, NEC"
CRDO,25991098046.909996,143.22,N/A,SEMICONDUCTORS & RELATED DEVICES
DXCM,25885379972.640003,66.54,N/A,SURGICAL & MEDICAL INSTRUMENTS & APPARATUS
NTRS,25831541431.71,139.28,N/A,STATE COMMERCIAL BANKS
BIIB,25818132849.280003,177.82,N/A,"BIOLOGICAL PRODUCTS, (NO DISGNOSTIC SUBSTANCES)"
ZM,25550552615.010002,83.32,N/A,"SERVICES-COMPUTER PROGRAMMING, DATA PROCESSING, ETC."
CINF,25480943543.16,161.49,N/A,"FIRE, MARINE & CASUALTY INSURANCE"
STLD,24745606857.55,176.06,N/A,"STEEL WORKS, BLAST FURNACES & ROLLING MILLS (COKE OVENS)"
FWONK,24632842886.870003,98.04,N/A,TELEVISION BROADCASTING STATIONS
AFRM,24567380876.340004,74.03,N/A,PERSONAL CREDIT INSTITUTIONS
DLTR,24460930532.870003,127.7,N/A,RETAIL-VARIETY STORES
LULU,24377360275.62,210.81,N/A,APPAREL & OTHER FINISHD PRODS OF FABRICS & SIMILAR MATL
RIVN,24162747496.65,19.41,N/A,MOTOR VEHICLES & PASSENGER CAR BODIES
TW,22951307137.260002,106.2,N/A,"SECURITY & COMMODITY BROKERS, DEALERS, EXCHANGES & SERVICES"
VRSN,22521465000.0,240.53,N/A,SERVICES-COMPUTER PROGRAMMING SERVICES
CYBR,22515749209.12,435.32,N/A,
FWONA,22349847703.059998,89.07,N/A,
TROW,22343104060.0,104.63,N/A,INVESTMENT ADVICE
FLEX,22342731617.760002,63.68,N/A,PRINTED CIRCUIT BOARDS
ON,21788791009.8,56.7,N/A,SEMICONDUCTORS & RELATED DEVICES
SSNC,21332875570.260002,85.75,N/A,SERVICES-PREPACKAGED SOFTWARE
CG,21303863827.46,60.86,N/A,INVESTMENT ADVICE
NTAP,21210282667.32,106.47,N/A,COMPUTER STORAGE DEVICES
NBIS,21077523517.51,89.95,N/A,
UTHR,20979327862.75,496.72,N/A,PHARMACEUTICAL PREPARATIONS
PTC,20717002853.31,170.1,N/A,SERVICES-PREPACKAGED SOFTWARE
SBAC,20612481090.0,192.48,N/A,REAL ESTATE INVESTMENT TRUSTS
CASY,20487264538.43,556.26,N/A,RETAIL-AUTO DEALERS & GASOLINE STATIONS
GRAB,20394130000.0,5.08,N/A,
ASTS,20191935298.5,83.47,N/A,"COMMUNICATIONS SERVICES, NEC"
FTAI,20191480286.25,210.35,N/A,SERVICES-MISCELLANEOUS EQUIPMENT RENTAL & LEASING
ILMN,20041248000.0,134.35,N/A,LABORATORY ANALYTICAL INSTRUMENTS
PODD,19995402287.52,282.92,N/A,SURGICAL & MEDICAL INSTRUMENTS & APPARATUS
CHKP,19920742214.32,181.03,N/A,
GFS,19404405138.600002,36.87,N/A,
INCY,19390793375.309998,101.42,N/A,SERVICES-COMMERCIAL PHYSICAL & BIOLOGICAL RESEARCH
PFG,19379193891.03,89.42,N/A,ACCIDENT & HEALTH INSURANCE
EXAS,19272617390.12,101.74,N/A,SERVICES-MEDICAL LABORATORIES
CHRW,18991732735.28,163.72,N/A,ARRANGEMENT OF TRANSPORTATION OF FREIGHT & CARGO
RGLD,18760845424.27,221.12,N/A,MINERAL ROYALTY TRADERS
TRMB,18641107372.699997,78.33,N/A,"MEASURING & CONTROLLING DEVICES, NEC"
JBHT,18504733361.64,196.78,N/A,TRUCKING (NO LOCAL)
TTD,18357261151.32,37.68,N/A,"SERVICES-COMPUTER PROGRAMMING, DATA PROCESSING, ETC."
WWD,18138228948.16,310.86,N/A,ELECTRICAL INDUSTRIAL APPARATUS
CDW,17732376492.0,133.16,N/A,RETAIL-CATALOG & MAIL-ORDER HOUSES
SMCI,17473345062.91,30.96,N/A,ELECTRONIC COMPUTERS
DKNG,17153240625.68,35.66,N/A,SERVICES-MISCELLANEOUS AMUSEMENT & RECREATION
TLN,17125625447.519999,396.73,N/A,ELECTRIC SERVICES
GEN,16768510949.33,26.07,N/A,SERVICES-PREPACKAGED SOFTWARE
LNT,16711060321.890001,65.59,N/A,ELECTRIC & OTHER SERVICES COMBINED
EVRG,16688223298.56,73.08,N/A,ELECTRIC & OTHER SERVICES COMBINED
HOLX,16616153713.38,74.56,N/A,X-RAY APPARATUS & TUBES & RELATED IRRADIATION APPARATUS
NWS,16522680101.289999,29.77,N/A,NEWSPAPERS: PUBLISHING OR PUBLISHING & PRINTING
ZG,16515114484.900002,65.61,N/A,"SERVICES-BUSINESS SERVICES, NEC"
Z,16512693978.6,65.92,N/A,"SERVICES-BUSINESS SERVICES, NEC"
RPRX,16508842974.960001,38.86,N/A,PHARMACEUTICAL PREPARATIONS
COO,16062359010.96,81.11,N/A,OPHTHALMIC GOODS
ROKU,16029589635.789999,108.72,N/A,CABLE & OTHER PAY TELEVISION SERVICES
WMG,16022101819.53,30.44,N/A,SERVICES-AMUSEMENT & RECREATION SERVICES
MEDP,15820682447.949999,571.02,N/A,SERVICES-COMMERCIAL PHYSICAL & BIOLOGICAL RESEARCH
EWBC,15463246033.56,115.06,N/A,STATE COMMERCIAL BANKS
RVMD,15397922468.250002,79.02,N/A,"BIOLOGICAL PRODUCTS, (NO DISGNOSTIC SUBSTANCES)"
OKTA,15325097209.869999,83.64,N/A,SERVICES-PREPACKAGED SOFTWARE
ROIV,15092168045.5,21.93,N/A,PHARMACEUTICAL PREPARATIONS
ERIE,14988890662.199999,277.81,N/A,"INSURANCE AGENTS, BROKERS & SERVICE"
FFIV,14827954869.64,256.63,N/A,COMPUTER COMMUNICATIONS EQUIPMENT
PSKY,14782438657.6,13.18,N/A,TELEVISION BROADCASTING STATIONS
BBIO,14740297106.369999,78.235,N/A,PHARMACEUTICAL PREPARATIONS
LOGI,14718074985.86,100.28,N/A,"COMPUTER PERIPHERAL EQUIPMENT, NEC"
NWSA,14565386575.960001,26.19,N/A,NEWSPAPERS: PUBLISHING OR PUBLISHING & PRINTING
ARCC,14479149118.0,20.44,N/A,
VTRS,14339534906.4,12.46,N/A,PHARMACEUTICAL PREPARATIONS
NBIX,14141259147.340002,140.6,N/A,"BIOLOGICAL PRODUCTS, (NO DISGNOSTIC SUBSTANCES)"
DPZ,14082771386.76,425.28,N/A,WHOLESALE-GROCERIES & RELATED PRODUCTS
NTNX,13976972071.56,50.6,N/A,SERVICES-PREPACKAGED SOFTWARE
ICLR,13914306809.039999,188.67,N/A,
DOCU,13698655416.000002,64.85,N/A,SERVICES-PREPACKAGED SOFTWARE
NDSN,13421647951.880001,241.03,N/A,"GENERAL INDUSTRIAL MACHINERY & EQUIPMENT, NEC"
GH,13265373360.94,101.74,N/A,SERVICES-MEDICAL LABORATORIES
MDGL,13225768322.800001,593.87,N/A,PHARMACEUTICAL PREPARATIONS
JKHY,13207379047.359999,178.35,N/A,SERVICES-COMPUTER INTEGRATED SYSTEMS DESIGN
LECO,13186472816.64,243.76,N/A,METALWORKG MACHINERY & EQUIPMENT
TSEM,13165576596.0,121.74,N/A,
SMMT,13020299989.619999,17.52,N/A,PHARMACEUTICAL PREPARATIONS
NXT,12925972405.8,92.78,N/A,"SEARCH, DETECTION, NAVAGATION, GUIDANCE, AERONAUTICAL SYS"
MTSI,12834520471.84,174.96,N/A,SEMICONDUCTORS & RELATED DEVICES
LAMR,12820475809.56,124.12,N/A,REAL ESTATE INVESTMENT TRUSTS
KTOS,12816698144.279999,79.29,N/A,GUIDED MISSILES & SPACE VEHICLES & PARTS
IONS,12813794230.23,79.67,N/A,PHARMACEUTICAL PREPARATIONS
ENTG,12772300000.0,89.56,N/A,"PLASTICS PRODUCTS, NEC"
PAA,12670739949.2,18.21,N/A,PIPE LINES (NO NATURAL GAS)
GLPI,12647642803.98,44.42,N/A,REAL ESTATE INVESTMENT TRUSTS
REG,12625654511.34,67.96,N/A,REAL ESTATE INVESTMENT TRUSTS
AKAM,12552241928.25,85.1,N/A,"SERVICES-BUSINESS SERVICES, NEC"
WYNN,12511249058.07,122.57,N/A,HOTELS & MOTELS
IREN,12401465782.380001,42.7,N/A,FINANCE SERVICES
ZBRA,12301319962.44,248.3,N/A,GENERAL INDUSTRIAL MACHINERY & EQUIPMENT
HST,12192734498.130001,18.16,N/A,REAL ESTATE INVESTMENT TRUSTS
AVAV,12076570629.42,256.19,N/A,AIRCRAFT
CART,11808732720.72,43.91,N/A,"SERVICES-BUSINESS SERVICES, NEC"
CELH,11791099484.78,47.75,N/A,BOTTLED & CANNED SOFT DRINKS & CARBONATED WATERS
EXEL,11751355841.31,43.58,N/A,"BIOLOGICAL PRODUCTS, (NO DISGNOSTIC SUBSTANCES)"
BSY,11585255500.22,38.15,N/A,SERVICES-PREPACKAGED SOFTWARE
MRNA,11522734925.64,30.86,N/A,"BIOLOGICAL PRODUCTS, (NO DISGNOSTIC SUBSTANCES)"
HAS,11507635886.0,82.97,N/A,"GAMES, TOYS & CHILDREN'S VEHICLES (NO DOLLS & BICYCLES)"
AGNC,11499602030.400002,10.93,N/A,REAL ESTATE INVESTMENT TRUSTS
BMRN,11417355463.92,59.45,N/A,PHARMACEUTICAL PREPARATIONS
SAIL,11361689124.800001,18.95,N/A,SERVICES-PREPACKAGED SOFTWARE
ALGN,11203761719.25,156.03,N/A,"ORTHOPEDIC, PROSTHETIC & SURGICAL APPLIANCES & SUPPLIES"
TXRH,10980249114.0,171.36,N/A,RETAIL-EATING PLACES
RNA,10868241270.46,72.1,N/A,PHARMACEUTICAL PREPARATIONS
MKSI,10733681945.2,168.36,N/A,"INDUSTRIAL INSTRUMENTS FOR MEASUREMENT, DISPLAY, AND CONTROL"
CFLT,10679283972.0,30.11,N/A,SERVICES-PREPACKAGED SOFTWARE
TEM,10505423643.949999,62.36,N/A,"SERVICES-COMPUTER PROGRAMMING, DATA PROCESSING, ETC."
MANH,10443356787.57,167.28,N/A,SERVICES-PREPACKAGED SOFTWARE
FIVE,10389388530.6,193.45,N/A,RETAIL-VARIETY STORES
RGC,10384267068.0,20.54,N/A,
JAZZ,10330069720.0,173.15,N/A,PHARMACEUTICAL PREPARATIONS
COKE,10211922520.800001,149.84,N/A,BOTTLED & CANNED SOFT DRINKS & CARBONATED WATERS
PEGA,10135844600.76,56.06,N/A,SERVICES-COMPUTER PROCESSING & DATA PREPARATION
AAL,10119125968.35,15.48,N/A,"AIR TRANSPORTATION, SCHEDULED"
ENSG,10090497198.599998,173.92,N/A,SERVICES-SKILLED NURSING CARE FACILITIES
LSCC,10064742870.52,78.65,N/A,SEMICONDUCTORS & RELATED DEVICES
SEIC,10042480408.199999,83.01,N/A,"SECURITY BROKERS, DEALERS & FLOTATION COMPANIES"
TTAN,9973366521.0,101.59,N/A,SERVICES-PREPACKAGED SOFTWARE
RMBS,9891970721.37,99.28,N/A,SEMICONDUCTORS & RELATED DEVICES
TPG,9774198813.12,65.75,N/A,INVESTMENT ADVICE
AMKR,9759196892.759998,42.92,N/A,SEMICONDUCTORS & RELATED DEVICES
NVMI,9737572652.96,347.34,N/A,
FYBR,9530367660.0,38.07,N/A,TELEPHONE COMMUNICATIONS (NO RADIOTELEPHONE)
SWKS,9507076328.17,64.395,N/A,SEMICONDUCTORS & RELATED DEVICES
CHYM,9428127907.62,26.4,N/A,FINANCE SERVICES
STRL,9407193593.79,319.16,N/A,HEAVY CONSTRUCTION OTHER THAN BLDG CONST - CONTRACTORS
WTFC,9363907311.56,142.66,N/A,STATE COMMERCIAL BANKS
TIGO,9263192400.0,56.55,N/A,
PPC,9261974958.53,39.87,N/A,POULTRY SLAUGHTERING AND PROCESSING
RGEN,9223802131.140001,164.35,N/A,"BIOLOGICAL PRODUCTS, (NO DISGNOSTIC SUBSTANCES)"
SITM,9218481509.7,369.96,N/A,SEMICONDUCTORS & RELATED DEVICES
AXSM,9207364569.599998,178.69,N/A,PHARMACEUTICAL PREPARATIONS
TECH,9163344945.81,59.65,N/A,"BIOLOGICAL PRODUCTS, (NO DISGNOSTIC SUBSTANCES)"
DRS,9068851055.25,34.78,N/A,"SEARCH, DETECTION, NAVAGATION, GUIDANCE, AERONAUTICAL SYS"
ARWR,9016396555.62,67.79,N/A,PHARMACEUTICAL PREPARATIONS
MORN,8937786017.38,210.42,N/A,INVESTMENT ADVICE
HSIC,8897640913.06,76.82,N/A,"WHOLESALE-MEDICAL, DENTAL & HOSPITAL EQUIPMENT & SUPPLIES"
SFD,8778206836.63,22.15,N/A,MEAT PACKING PLANTS
TTEK,8748179035.44,33.65,N/A,SERVICES-ENGINEERING SERVICES
FIGR,8739496949.560001,43.74,N/A,LOAN BROKERS
UMBF,8737824086.4,116.48,N/A,NATIONAL COMMERCIAL BANKS
ONB,8718145630.0,22.55,N/A,NATIONAL COMMERCIAL BANKS
SAIA,8699355139.32,337.17,N/A,TRUCKING (NO LOCAL)
DOX,8691017384.890001,80.16,N/A,
APA,8675209879.460001,25.36,N/A,CRUDE PETROLEUM & NATURAL GAS
ZION,8642906130.36,59.25,N/A,NATIONAL COMMERCIAL BANKS
POOL,8520819465.0,229.71,N/A,WHOLESALE-MISC DURABLE GOODS
MBLY,8495800069.32,11.23,N/A,SERVICES-PREPACKAGED SOFTWARE
XP,8493291282.63,16.18,N/A,
COLB,8360431279.2,28.19,N/A,STATE COMMERCIAL BANKS
APPF,8357106730.5,230.37,N/A,SERVICES-PREPACKAGED SOFTWARE
CPB,8309001408.150001,27.71,N/A,FOOD AND KINDRED PRODUCTS
BPOP,8302352944.599999,125.96,N/A,STATE COMMERCIAL BANKS
PCTY,8293195067.5,145.7,N/A,SERVICES-PREPACKAGED SOFTWARE
OTEX,8210520693.179999,31.74,N/A,SERVICES-COMPUTER INTEGRATED SYSTEMS DESIGN
IDCC,8196550465.76,326.26,N/A,PATENT OWNERS & LESSORS
SANM,8188402522.089999,159.29,N/A,PRINTED CIRCUIT BOARDS
DUOL,8112901153.5,176.48,N/A,SERVICES-PREPACKAGED SOFTWARE
LINE,7990136875.0,35.42,N/A,REAL ESTATE INVESTMENT TRUSTS
CHDN,7933736264.76,111.95,N/A,"SERVICES-RACING, INCLUDING TRACK OPERATION"
HALO,7914278100.0,70.31,N/A,"BIOLOGICAL PRODUCTS, (NO DISGNOSTIC SUBSTANCES)"
AEIS,7902773031.93,221.99,N/A,"ELECTRONIC COMPONENTS, NEC"
HQY,7826818160.46,91.07,N/A,"SERVICES-BUSINESS SERVICES, NEC"
VFS,7813972337.839999,3.38,N/A,
MMYT,7813503420.440001,81.89,N/A,
NUVL,7811538854.490001,100.84,N/A,PHARMACEUTICAL PREPARATIONS
QRVO,7808463793.71,86.27,N/A,SEMICONDUCTORS & RELATED DEVICES
CYTK,7768713588.66,61.73,N/A,PHARMACEUTICAL PREPARATIONS
SFM,7757423205.13,80.64,N/A,RETAIL-GROCERY STORES
GSAT,7742216790.559999,63.99,N/A,"COMMUNICATIONS SERVICES, NEC"
LYFT,7735475319.26,19.79,N/A,"SERVICES-BUSINESS SERVICES, NEC"
LKQ,7730173381.2,30.03,N/A,WHOLESALE-MOTOR VEHICLES & MOTOR VEHICLE PARTS & SUPPLIES
IESC,7723830656.7,406.91,N/A,ELECTRICAL WORK
SOLS,7710979812.48,49.28,N/A,AIRCRAFT ENGINES & ENGINE PARTS
LLYVK,7642620714.96,84.16,N/A,
MTCH,7622706402.809999,31.74,N/A,"SERVICES-COMPUTER PROGRAMMING, DATA PROCESSING, ETC."
CAI,7612323982.54,26.98,N/A,SERVICES-MEDICAL LABORATORIES
MNDY,7606933732.72,143.42,N/A,
DSGX,7537604904.179999,85.13,N/A,
BOKF,7492319698.96,118.68,N/A,NATIONAL COMMERCIAL BANKS
LLYVA,7490062389.0,82.48,N/A,
CIGI,7488883600.209999,145.22,N/A,REAL ESTATE AGENTS & MANAGERS (FOR OTHERS)
MIDD,7488693737.499999,150.77,N/A,REFRIGERATION & SERVICE INDUSTRY MACHINERY
FRHC,7441940404.080001,124.23,N/A,"SECURITY BROKERS, DEALERS & FLOTATION COMPANIES"
AUR,7431824601.599999,3.87,N/A,SERVICES-COMPUTER INTEGRATED SYSTEMS DESIGN
PNFP,7401474352.37,95.1,N/A,NATIONAL COMMERCIAL BANKS
FROG,7389819611.64,59.57,N/A,SERVICES-PREPACKAGED SOFTWARE
PRAX,7370613580.54,286.4,N/A,PHARMACEUTICAL PREPARATIONS
RGTI,7310077627.7,23.6,N/A,SERVICES-COMPUTER PROGRAMMING SERVICES
CBSH,7277113935.14,52.24,N/A,STATE COMMERCIAL BANKS
BRKR,7157947293.84,48.11,N/A,LABORATORY ANALYTICAL INSTRUMENTS
KRYS,7149048334.26,246.91,N/A,"BIOLOGICAL PRODUCTS, (NO DISGNOSTIC SUBSTANCES)"
RYTM,7143427434.240001,105.01,N/A,PHARMACEUTICAL PREPARATIONS
TTMI,7129820025.0,70.61,N/A,PRINTED CIRCUIT BOARDS
FSV,7109624065.08,150.99,N/A,
SRAD,7034770981.97,23.32,N/A,
FCFS,7034100827.0,156.78,N/A,RETAIL-MISCELLANEOUS RETAIL
MASI,6986036206.940001,127.4,N/A,ELECTROMEDICAL & ELECTROTHERAPEUTIC APPARATUS
LBRDK,6973593733.8,48.74,N/A,CABLE & OTHER PAY TELEVISION SERVICES
DBX,6961892895.6,26.93,N/A,SERVICES-PREPACKAGED SOFTWARE
CDTX,6946174532.339999,221.03,N/A,"BIOLOGICAL PRODUCTS, (NO DISGNOSTIC SUBSTANCES)"
LBRDA,6927677067.24,48.51,N/A,CABLE & OTHER PAY TELEVISION SERVICES
NTSK,6897760421.94,16.9,N/A,SERVICES-PREPACKAGED SOFTWARE
APLD,6847541657.5199995,28.11,N/A,SERVICES-COMPUTER PROCESSING & DATA PREPARATION
SMTC,6819276800.33,75.26,N/A,SEMICONDUCTORS & RELATED DEVICES
SYM,6760035737.0,64.87,N/A,"GENERAL INDUSTRIAL MACHINERY & EQUIPMENT, NEC"
BTSG,6754193522.650001,38.4,N/A,SERVICES-HOME HEALTH CARE SERVICES
URBN,6749236949.14,75.34,N/A,RETAIL-FAMILY CLOTHING STORES
MKTX,6737335825.0,178.55,N/A,"SECURITY BROKERS, DEALERS & FLOTATION COMPANIES"
EXLS,6735265559.4,41.21,N/A,"SERVICES-BUSINESS SERVICES, NEC"
SIRI,6729549911.820001,20.51,N/A,RADIO BROADCASTING STATIONS
OLLI,6722660695.89,111.32,N/A,RETAIL-VARIETY STORES
GLBE,6671931890.320001,37.86,N/A,
WING,6626886810.46,256.84,N/A,RETAIL-EATING PLACES
VLY,6513183317.44,11.69,N/A,NATIONAL COMMERCIAL BANKS
VNOM,6506488834.660001,38.78,N/A,CRUDE PETROLEUM & NATURAL GAS
VSNTV,6503750730.0,46.65,N/A,
GTLB,6320052000.0,36.18,N/A,SERVICES-PREPACKAGED SOFTWARE
LFUS,6298134676.04,262.54,N/A,SWITCHGEAR & SWITCHBOARD APPARATUS
QS,6265652211.06,11.06,N/A,"MISCELLANEOUS ELECTRICAL MACHINERY, EQUIPMENT & SUPPLIES"
WAY,6265618093.25,31.37,N/A,SERVICES-COMPUTER INTEGRATED SYSTEMS DESIGN
KYMR,6224724290.87,72.76,N/A,"BIOLOGICAL PRODUCTS, (NO DISGNOSTIC SUBSTANCES)"
AAON,6224596922.5,79.19,N/A,AIR-COND & WARM AIR HEATG EQUIP & COMM & INDL REFRIG EQUIP
CWST,6218535369.04,98.65,N/A,REFUSE SYSTEMS
MAT,6166741017.6,20.04,N/A,DOLLS & STUFFED TOYS
NXST,6157733285.6,208.84,N/A,TELEVISION BROADCASTING STATIONS
ROAD,6135965360.849999,112.16,N/A,HEAVY CONSTRUCTION OTHER THAN BLDG CONST - CONTRACTORS
PTCT,6098699647.799999,76.74,N/A,PHARMACEUTICAL PREPARATIONS
CRUS,6047101096.5,119.67,N/A,SEMICONDUCTORS & RELATED DEVICES
PCVX,6040014974.82,46.46,N/A,"BIOLOGICAL PRODUCTS, (NO DISGNOSTIC SUBSTANCES)"
CGNX,6030177803.0199995,36.93,N/A,"INDUSTRIAL INSTRUMENTS FOR MEASUREMENT, DISPLAY, AND CONTROL"
ENLT,6003711495.3,47.69,N/A,
HLNE,5905246451.28,136.66,N/A,INVESTMENT ADVICE
CIFR,5831558717.04,16.2,N/A,FINANCE SERVICES
ACT,5723848203.88,39.62,N/A,"INSURANCE AGENTS, BROKERS & SERVICE"
IRTC,5716964733.92,175.22,N/A,SURGICAL & MEDICAL INSTRUMENTS & APPARATUS
WIX,5699894514.12,100.97,N/A,
WFRD,5613592382.58,80.89,N/A,OIL & GAS FIELD MACHINERY & EQUIPMENT
OPEN,5560584733.77,6.07,N/A,REAL ESTATE AGENTS & MANAGERS (FOR OTHERS)
OLED,5551983371.1,121.85,N/A,ELECTRONIC COMPONENTS & ACCESSORIES
CVLT,5527669220.32,124.18,N/A,SERVICES-PREPACKAGED SOFTWARE
RDNT,5514103378.299999,70.95,N/A,SERVICES-MEDICAL LABORATORIES
SLM,5494225841.94,27.41,N/A,PERSONAL CREDIT INSTITUTIONS
PTGX,5460118268.440001,87.18,N/A,PHARMACEUTICAL PREPARATIONS
COGT,5452517562.240001,34.74,N/A,PHARMACEUTICAL PREPARATIONS
UBSI,5349616358.4,38.39,N/A,STATE COMMERCIAL BANKS
HWC,5324483608.96,64.46,N/A,STATE COMMERCIAL BANKS
CBC,5322437388.0,23.85,N/A,
UFPI,5304320245.2,92.18,N/A,"SAWMILLS & PLANTING MILLS, GENERAL"
CHRD,5271413310.0,94.68,N/A,CRUDE PETROLEUM & NATURAL GAS
PI,5239290059.32,179.76,N/A,"ELECTRONIC COMPONENTS, NEC"
MMSI,5225842458.72,86.45,N/A,SURGICAL & MEDICAL INSTRUMENTS & APPARATUS
DOO,5194864434.440001,71.89,N/A,
APGE,5156810884.92,75.78,N/A,"BIOLOGICAL PRODUCTS, (NO DISGNOSTIC SUBSTANCES)"
OZK,5148618657.0,47.04,N/A,
IMVT,5121533290.92,25.91,N/A,"BIOLOGICAL PRODUCTS, (NO DISGNOSTIC SUBSTANCES)"
GNTX,5094801725.13,23.69,N/A,MOTOR VEHICLE PARTS & ACCESSORIES
CCC,5094181689.45,7.87,N/A,SERVICES-PREPACKAGED SOFTWARE
STEP,5077402929.99,66.61,N/A,INVESTMENT ADVICE
OPCH,5057224013.16,32.24,N/A,SERVICES-HOME HEALTH CARE SERVICES
SIGI,5054430735.72,83.52,N/A,"FIRE, MARINE & CASUALTY INSURANCE"
LIF,5028609224.52,64.36,N/A,SERVICES-COMPUTER PROCESSING & DATA PREPARATION
SHC,5011416907.56,17.69,N/A,"SERVICES-MISC HEALTH & ALLIED SERVICES, NEC"
CRSP,4997544218.5199995,53.77,N/A,"BIOLOGICAL PRODUCTS, (NO DISGNOSTIC SUBSTANCES)"
SNEX,4969961350.83,97.38,N/A,"SECURITY & COMMODITY BROKERS, DEALERS, EXCHANGES & SERVICES"
BCPC,4966756833.6,154.02,N/A,CHEMICALS & ALLIED PRODUCTS
HUT,4963202874.08,51.27,N/A,FINANCE SERVICES
LAUR,4961919684.54,33.31,N/A,SERVICES-EDUCATIONAL SERVICES
LSTR,4935333677.4,146.78,N/A,TRUCKING (NO LOCAL)
ACIW,4928637566.860001,45.67,N/A,SERVICES-PREPACKAGED SOFTWARE
FRMI,4912203024.0,8.82,N/A,REAL ESTATE INVESTMENT TRUSTS
VICR,4893928467.2,116.86,N/A,"ELECTRONIC COMPONENTS, NEC"
CACC,4892048502.24,453.92,N/A,PERSONAL CREDIT INSTITUTIONS
ALGM,4883440407.099999,26.91,N/A,SEMICONDUCTORS & RELATED DEVICES
CAMT,4867012600.665,115.5,N/A,
REYN,4820754844.56,23.06,N/A,"PLASTICS, FOIL & COATED PAPER BAGS"
WULF,4810654812.690001,12.74,N/A,FINANCE SERVICES
CZR,4774084786.77,23.56,N/A,HOTELS & MOTELS
QLYS,4765569133.2,131.01,N/A,SERVICES-PREPACKAGED SOFTWARE
TGTX,4732619234.309999,29.28,N/A,PHARMACEUTICAL PREPARATIONS
SBRA,4722682806.62,19.15,N/A,REAL ESTATE INVESTMENT TRUSTS
RIOT,4710797046.62,14.16,N/A,FINANCE SERVICES
VSAT,4661196337.28,37.63,N/A,"COMMUNICATIONS SERVICES, NEC"
LOPE,4651437243.56,165.39,N/A,SERVICES-EDUCATIONAL SERVICES
ALKS,4619987901.82,28.26,N/A,PHARMACEUTICAL PREPARATIONS
CELC,4615095372.66,100.55,N/A,SERVICES-MEDICAL LABORATORIES
CVCO,4610747557.38,591.56,N/A,MOBILE HOMES
SAIC,4542525493.24,101.22,N/A,SERVICES-COMPUTER INTEGRATED SYSTEMS DESIGN
IEP,4531574303.349999,7.48,N/A,PETROLEUM REFINING
MZTI,4519248120.0,164.55,N/A,"CANNED, FROZEN & PRESERVD FRUIT, VEG & FOOD SPECIALTIES"
ACAD,4518846332.07,26.29,N/A,PHARMACEUTICAL PREPARATIONS
CAR,4516478013.44,128.22,N/A,SERVICES-AUTO RENTAL & LEASING (NO DRIVERS)
CORZ,4514492528.0,15.99,N/A,FINANCE SERVICES
SRRK,4493428480.849999,42.8,N/A,"BIOLOGICAL PRODUCTS, (NO DISGNOSTIC SUBSTANCES)"
INDV,4485876548.400001,35.73,N/A,PHARMACEUTICAL PREPARATIONS
PECO,4474706000.0,35.27,N/A,REAL ESTATE INVESTMENT TRUSTS
SSRM,4449784966.88,21.52,N/A,MINERAL ROYALTY TRADERS
CROX,4439826986.639999,86.95,N/A,RUBBER & PLASTICS FOOTWEAR
CRNX,4417215152.0,46.73,N/A,PHARMACEUTICAL PREPARATIONS
LNTH,4413048892.45,67.27,N/A,IN VITRO & IN VIVO DIAGNOSTIC SUBSTANCES
CLBT,4407777981.18,17.84,N/A,
FOLD,4404459896.16,14.27,N/A,PHARMACEUTICAL PREPARATIONS
TERN,4394198152.4,40.11,N/A,PHARMACEUTICAL PREPARATIONS
MRCY,4387910929.360001,76.03,N/A,ELECTRONIC COMPONENTS & ACCESSORIES
ADMA,4341079233.599999,17.88,N/A,"BIOLOGICAL PRODUCTS, (NO DISGNOSTIC SUBSTANCES)"
RUSHB,4336600126.599999,55.04,N/A,RETAIL-AUTO DEALERS & GASOLINE STATIONS
OSIS,4330376287.38,255.58,N/A,SEMICONDUCTORS & RELATED DEVICES
FORM,4323903670.66,59.19,N/A,SEMICONDUCTORS & RELATED DEVICES
GLXY,4297637905.08,24.75,N/A,"SECURITY BROKERS, DEALERS & FLOTATION COMPANIES"
SLAB,4293879519.3999996,131.93,N/A,SEMICONDUCTORS & RELATED DEVICES
FFIN,4277566266.7400002,30.02,N/A,STATE COMMERCIAL BANKS
RUN,4269569598.3999996,19.44,N/A,"MISCELLANEOUS ELECTRICAL MACHINERY, EQUIPMENT & SUPPLIES"
NOVT,4256881885.77,111.14,N/A,"MISCELLANEOUS ELECTRICAL MACHINERY, EQUIPMENT & SUPPLIES"
UPST,4254337945.3199997,45.84,N/A,FINANCE SERVICES
FELE,4252076696.93,97.0,N/A,MOTORS & GENERATORS
NAVN,4246840630.2,16.25,N/A,SERVICES-PREPACKAGED SOFTWARE
AUGO,4211392119.99,50.0,N/A,
ENPH,4194053673.45,33.75,N/A,SEMICONDUCTORS & RELATED DEVICES
SOUN,4188355734.17,10.6,N/A,SERVICES-PREPACKAGED SOFTWARE
BGC,4185917898.65,8.94,N/A,"SECURITY & COMMODITY BROKERS, DEALERS, EXCHANGES & SERVICES"
DLO,4167447670.1200004,14.07,N/A,
ITRI,4165587610.84,94.47,N/A,INSTRUMENTS FOR MEAS & TESTING OF ELECTRICITY & ELEC SIGNALS
FTDR,4160210450.31,57.04,N/A,SERVICES-TO DWELLINGS & OTHER BUILDINGS
RUSHA,4157771255.3999996,54.09,N/A,RETAIL-AUTO DEALERS & GASOLINE STATIONS
TMDX,4157306636.25,122.69,N/A,ELECTROMEDICAL & ELECTROTHERAPEUTIC APPARATUS
EBC,4145824869.29,18.54,N/A,"SAVINGS INSTITUTION, FEDERALLY CHARTERED"
TCBI,4132570185.9,91.7,N/A,STATE COMMERCIAL BANKS
IBOC,4130168652.2799997,66.84,N/A,STATE COMMERCIAL BANKS
VCTR,4096778108.3100004,64.1,N/A,INVESTMENT ADVICE
MIRM,4082506284.6299996,78.07,N/A,PHARMACEUTICAL PREPARATIONS
VSEC,4041477823.11,181.32,N/A,SERVICES-ENGINEERING SERVICES
SKYW,4026832599.0,101.2,N/A,"AIR TRANSPORTATION, SCHEDULED"
COMM,4016678057.91,18.26,N/A,RADIO & TV BROADCASTING & COMMUNICATIONS EQUIPMENT
PLBL,4015606671.2000003,10.859,N/A,
LBTYB,3979044357.6,11.18,N/A,CABLE & OTHER PAY TELEVISION SERVICES
NAMS,3977749404.3199997,35.2,N/A,PHARMACEUTICAL PREPARATIONS
VIAV,3977403631.7400002,18.15,N/A,SEMICONDUCTORS & RELATED DEVICES
VKTX,3976618581.92,35.42,N/A,PHARMACEUTICAL PREPARATIONS
NWE,3963209651.6600003,64.75,N/A,ELECTRIC & OTHER SERVICES COMBINED
AMRX,3960972792.0,12.66,N/A,PHARMACEUTICAL PREPARATIONS
ALHC,3951811904.5,20.22,N/A,HOSPITAL & MEDICAL SERVICE PLANS
PLXS,3933600048.0,152.23,N/A,PRINTED CIRCUIT BOARDS
AVT,3910320725.2799997,49.34,N/A,"WHOLESALE-ELECTRONIC PARTS & EQUIPMENT, NEC"
BULL,3899116784.64,8.19,N/A,
STNE,3880051002.93,14.69,N/A,
VRNS,3867031702.3999996,32.04,N/A,SERVICES-PREPACKAGED SOFTWARE
CALM,3859113649.4199996,78.47,N/A,
POWL,3854714218.74,352.52,N/A,SWITCHGEAR & SWITCHBOARD APPARATUS
BRZE,3847869426.42,32.55,N/A,SERVICES-PREPACKAGED SOFTWARE
GLNG,3809857480.0,37.95,N/A,
PAGP,3787578693.36,19.41,N/A,PIPE LINES (NO NATURAL GAS)
PSMT,3780242881.2000003,123.33,N/A,RETAIL-VARIETY STORES
ACLX,3770051189.2000003,63.34,N/A,"BIOLOGICAL PRODUCTS, (NO DISGNOSTIC SUBSTANCES)"
DORM,3765012114.36,124.1,N/A,MOTOR VEHICLE PARTS & ACCESSORIES
WGS,3759330975.4,132.3,N/A,SERVICES-HEALTH SERVICES
INTA,3753871359.42,43.87,N/A,SERVICES-PREPACKAGED SOFTWARE
TFSL,3753264675.9,13.57,N/A,"SAVINGS INSTITUTION, FEDERALLY CHARTERED"
LBTYA,3751718505.6000004,10.9,N/A,CABLE & OTHER PAY TELEVISION SERVICES
BLLN,3745715318.4,89.29,N/A,
INTR,3732750339.04,8.45,N/A,
LGND,3721222800.4,190.11,N/A,PHARMACEUTICAL PREPARATIONS
LBTYK,3718040601.6,10.82,N/A,CABLE & OTHER PAY TELEVISION SERVICES
RRR,3715114118.1000004,62.97,N/A,HOTELS & MOTELS
EOSE,3714165131.34,12.97,N/A,"MISCELLANEOUS ELECTRICAL MACHINERY, EQUIPMENT & SUPPLIES"
ONDS,3705466228.0,11.02,N/A,RADIO & TV BROADCASTING & COMMUNICATIONS EQUIPMENT
BHF,3704123149.4300003,64.57,N/A,LIFE INSURANCE
DJT,3660832341.64,13.77,N/A,"SERVICES-COMPUTER PROGRAMMING, DATA PROCESSING, ETC."
CARG,3660630373.4,37.65,N/A,SERVICES-COMPUTER PROCESSING & DATA PREPARATION
CORT,3660549951.6,38.2,N/A,PHARMACEUTICAL PREPARATIONS
CENX,3657138345.42,40.94,N/A,PRIMARY PRODUCTION OF ALUMINUM
INDB,3623106526.2,73.19,N/A,STATE COMMERCIAL BANKS
PATK,3608127089.28,110.43,N/A,MOTOR VEHICLE PARTS & ACCESSORIES
VERA,3594776109.6,48.62,N/A,PHARMACEUTICAL PREPARATIONS
VRRM,3575839257.27,22.33,N/A,TRANSPORTATION SERVICES
GBDC,3575254531.37,13.57,N/A,
PLMR,3571368013.9199996,131.82,N/A,"FIRE, MARINE & CASUALTY INSURANCE"
FLY,3562447599.1400003,23.76,N/A,GUIDED MISSILES & SPACE VEHICLES & PARTS
FIBK,3560015244.4,35.3,N/A,STATE COMMERCIAL BANKS
ARQT,3557173255.68,29.0,N/A,PHARMACEUTICAL PREPARATIONS
BANF,3534088915.44,106.47,N/A,NATIONAL COMMERCIAL BANKS
ICUI,3522045782.2,138.53,N/A,SURGICAL & MEDICAL INSTRUMENTS & APPARATUS
HSAI,3497585526.3999996,24.08,N/A,
FULT,3477372804.91,19.47,N/A,NATIONAL COMMERCIAL BANKS
TARS,3475732717.3999996,80.77,N/A,"BIOLOGICAL PRODUCTS, (NO DISGNOSTIC SUBSTANCES)"
CRVL,3467881038.83,65.74,N/A,"INSURANCE AGENTS, BROKERS & SERVICE"
EXPO,3465166717.9599996,70.15,N/A,SERVICES-MANAGEMENT CONSULTING SERVICES
XENE,3463465724.1,44.49,N/A,PHARMACEUTICAL PREPARATIONS
OS,3456022057.8399997,17.72,N/A,SERVICES-PREPACKAGED SOFTWARE
FRSH,3454153974.25,11.6,N/A,SERVICES-PREPACKAGED SOFTWARE
USLM,3429281636.2599998,120.96,N/A,MINING & QUARRYING OF NONMETALLIC MINERALS (NO FUELS)
LCID,3426460590.4900002,11.15,N/A,MOTOR VEHICLES & PASSENGER CAR BODIES
WSC,3426037323.87,19.47,N/A,SERVICES-MISCELLANEOUS EQUIPMENT RENTAL & LEASING
TVTX,3418737614.67,39.52,N/A,PHARMACEUTICAL PREPARATIONS
MARA,3396095489.94,9.91,N/A,FINANCE SERVICES
MYRG,3391739229.0,226.72,N/A,"WATER, SEWER, PIPELINE, COMM & POWER LINE CONSTRUCTION"
GTX,3389830288.74,17.38,N/A,MOTOR VEHICLE PARTS & ACCESSORIES
OTTR,3386385071.2000003,81.45,N/A,ELECTRIC SERVICES
SPSC,3361011548.22,87.91,N/A,SERVICES-PREPACKAGED SOFTWARE
LIVN,3359878076.31,60.64,N/A,ELECTROMEDICAL & ELECTROTHERAPEUTIC APPARATUS
CGON,3349259752.0800004,41.79,N/A,"BIOLOGICAL PRODUCTS, (NO DISGNOSTIC SUBSTANCES)"
GRAL,3336488466.57,88.87,N/A,SERVICES-MEDICAL LABORATORIES
AGYS,3332571650.7200003,115.51,N/A,SERVICES-COMPUTER INTEGRATED SYSTEMS DESIGN
ASO,3331397748.0,52.15,N/A,RETAIL-MISCELLANEOUS SHOPPING GOODS STORES
VCYT,3327970183.3,42.39,N/A,SERVICES-MEDICAL LABORATORIES
CATY,3292291751.46,48.67,N/A,STATE COMMERCIAL BANKS
BL,3289017873.72,53.78,N/A,SERVICES-PREPACKAGED SOFTWARE
MCHB,3236355699.5,14.73,N/A,STATE COMMERCIAL BANKS
DYN,3220597736.16,18.5,N/A,PHARMACEUTICAL PREPARATIONS
EEFT,3200020670.91,74.1,N/A,"FUNCTIONS RELATED TO DEPOSITORY BANKING, NEC"
WSBC,3192547334.28,33.34,N/A,NATIONAL COMMERCIAL BANKS
VERX,3185773441.08,19.01,N/A,SERVICES-PREPACKAGED SOFTWARE
APLS,3178313476.1600003,25.86,N/A,PHARMACEUTICAL PREPARATIONS
GTM,3168896070.78,9.61,N/A,SERVICES-PREPACKAGED SOFTWARE
WVE,3157918436.0,15.95,N/A,PHARMACEUTICAL PREPARATIONS
NMIH,3135442783.12,40.61,N/A,SURETY INSURANCE
NMRK,3133928687.1,16.97,N/A,FOREIGN GOVERNMENTS
FHB,3130105500.5,25.67,N/A,STATE COMMERCIAL BANKS
KNSA,3126575058.75,42.005,N/A,PHARMACEUTICAL PREPARATIONS
ATEC,3125495892.4,20.76,N/A,SURGICAL & MEDICAL INSTRUMENTS & APPARATUS
CSQ,3079096992.0,19.16,N/A,
PCH,3074819246.46,39.72,N/A,REAL ESTATE INVESTMENT TRUSTS
SBCF,3073760441.5800004,31.61,N/A,STATE COMMERCIAL BANKS
MEOH,3071925734.4,40.74,N/A,
AMBA,3049696428.2400002,75.16,N/A,SEMICONDUCTORS & RELATED DEVICES
XMTR,3047698102.32,62.76,N/A,"SERVICES-BUSINESS SERVICES, NEC"
IDYA,3030627724.56,33.85,N/A,PHARMACEUTICAL PREPARATIONS
BLKB,3028860214.28,59.52,N/A,SERVICES-PREPACKAGED SOFTWARE
IAC,3027632020.4,39.04,N/A,"SERVICES-COMPUTER PROGRAMMING, DATA PROCESSING, ETC."
SHOO,3025476496.68,42.2,N/A,"FOOTWEAR, (NO RUBBER)"
WSFS,3020299422.76,55.05,N/A,NATIONAL COMMERCIAL BANKS
COCO,3018827156.58,53.46,N/A,BEVERAGES
IPGP,3016112839.6,74.84,N/A,SEMICONDUCTORS & RELATED DEVICES
LQDA,3000474208.67,31.4,N/A,PHARMACEUTICAL PREPARATIONS
IRON,2997740364.42,79.09,N/A,PHARMACEUTICAL PREPARATIONS
AVPT,2997313557.57,13.22,N/A,SERVICES-PREPACKAGED SOFTWARE
KYIV,2996608541.52,13.27,N/A,
DAVE,2989938795.62,219.48,N/A,FINANCE SERVICES
FIZZ,2985927732.78,31.66,N/A,BOTTLED & CANNED SOFT DRINKS & CARBONATED WATERS
ARLP,2983382997.52,23.29,N/A,BITUMINOUS COAL & LIGNITE SURFACE MINING
HURN,2981222231.88,171.05,N/A,SERVICES-MANAGEMENT CONSULTING SERVICES
FRPT,2973891973.41,60.15,N/A,GRAIN MILL PRODUCTS
VRDN,2970155288.96,30.68,N/A,PHARMACEUTICAL PREPARATIONS
COLM,2968739060.28,56.03,N/A,APPAREL & OTHER FINISHD PRODS OF FABRICS & SIMILAR MATL
HWKN,2967667352.34,145.28,N/A,WHOLESALE-CHEMICALS & ALLIED PRODUCTS
TBBK,2965318175.04,67.66,N/A,NATIONAL COMMERCIAL BANKS
PPTA,2953895461.38,24.54,N/A,GOLD AND SILVER ORES
NCNO,2940522579.52,24.65,N/A,SERVICES-PREPACKAGED SOFTWARE
ETOR,2940521098.44,35.68,N/A,
PRVA,2916366252.59,23.46,N/A,SERVICES-HEALTH SERVICES
SYNA,2886045203.46,75.74,N/A,SEMICONDUCTORS & RELATED DEVICES
RELY,2884833847.8,13.22,N/A,"SERVICES-BUSINESS SERVICES, NEC"
MLYS,2871989003.24,35.71,N/A,PHARMACEUTICAL PREPARATIONS
CPRX,2868775112.58,23.15,N/A,PHARMACEUTICAL PREPARATIONS
MGEE,2865611798.58,78.44,N/A,"ELECTRIC, GAS & SANITARY SERVICES"
SUPN,2849765695.0,49.47,N/A,PHARMACEUTICAL PREPARATIONS
BEAM,2812885447.68,27.14,N/A,"BIOLOGICAL PRODUCTS, (NO DISGNOSTIC SUBSTANCES)"
TENB,2808170578.98,22.73,N/A,SERVICES-PREPACKAGED SOFTWARE
MRX,2750409007.92,37.94,N/A,
PLUG,2741521428.71,2.23,N/A,ELECTRICAL INDUSTRIAL APPARATUS
LFST,2738561978.2400002,6.96,N/A,SERVICES-HEALTH SERVICES
SFNC,2727926778.8500004,18.82,N/A,NATIONAL COMMERCIAL BANKS
IPAR,2720050876.24,85.44,N/A,"PERFUMES, COSMETICS & OTHER TOILET PREPARATIONS"
BATRA,2673611866.8,42.95,N/A,SERVICES-AMUSEMENT & RECREATION SERVICES
WDFC,2663630711.5,196.76,N/A,MISCELLANEOUS CHEMICAL PRODUCTS
TOWN,2633992708.35,33.22,N/A,
EWTX,2627125189.71,23.75,N/A,PHARMACEUTICAL PREPARATIONS
APPN,2614816610.56,34.06,N/A,SERVICES-PREPACKAGED SOFTWARE
HUBG,2605751061.1,42.75,N/A,ARRANGEMENT OF TRANSPORTATION OF FREIGHT & CARGO
BTDR,2605267101.09,11.55,N/A,
FLNC,2598487661.6600003,23.01,N/A,"MISCELLANEOUS ELECTRICAL MACHINERY, EQUIPMENT & SUPPLIES"
VC,2594891182.2,96.88,N/A,MOTOR VEHICLE PARTS & ACCESSORIES
UPWK,2589579781.06,19.84,N/A,SERVICES-COMPUTER PROCESSING & DATA PREPARATION
CNXC,2588664313.62,41.21,N/A,"SERVICES-BUSINESS SERVICES, NEC"
CLSK,2586504463.3999996,11.55,N/A,FINANCE SERVICES
OCUL,2586396310.08,11.82,N/A,PHARMACEUTICAL PREPARATIONS
MGRC,2582501169.01,105.23,N/A,"SERVICES-EQUIPMENT RENTAL & LEASING, NEC"
DNLI,2578174589.6400003,16.27,N/A,"BIOLOGICAL PRODUCTS, (NO DISGNOSTIC SUBSTANCES)"
PTON,2573687867.52,6.12,N/A,"SPORTING & ATHLETIC GOODS, NEC"
ACMR,2559375991.9500003,44.88,N/A,"SPECIAL INDUSTRY MACHINERY, NEC"
TMC,2551245917.65,6.78,N/A,METAL MINING
ALRM,2544861273.6000004,51.24,N/A,SERVICES-PREPACKAGED SOFTWARE
SYRE,2541918178.7999997,30.58,N/A,PHARMACEUTICAL PREPARATIONS
CHEF,2535930269.17,62.39,N/A,"WHOLESALE-GROCERIES, GENERAL LINE"
FA,2529890339.74,14.25,N/A,SERVICES-COMPUTER PROCESSING & DATA PREPARATION
LGN,2524561427.68,44.68,N/A,CONSTRUCTION - SPECIAL TRADE CONTRACTORS
NSIT,2523907767.59,83.96,N/A,RETAIL-CATALOG & MAIL-ORDER HOUSES
CVBF,2521259741.4,18.67,N/A,STATE COMMERCIAL BANKS
CAKE,2516008511.2,52.81,N/A,RETAIL-EATING PLACES
PAX,2510620000.0,15.92,N/A,
GT,2506769562.84,8.92,N/A,TIRES & INNER TUBES
ACLS,2490470345.2200003,86.12,N/A,"SPECIAL INDUSTRY MACHINERY, NEC"
SLNO,2486774157.5,47.17,N/A,PHARMACEUTICAL PREPARATIONS
HTFL,2482376658.85,28.97,N/A,SURGICAL & MEDICAL INSTRUMENTS & APPARATUS
BATRK,2482324974.0,39.86,N/A,SERVICES-AMUSEMENT & RECREATION SERVICES
ADPT,2479282653.12,15.91,N/A,"BIOLOGICAL PRODUCTS, (NO DISGNOSTIC SUBSTANCES)"
FFBC,2465212943.88,25.09,N/A,NATIONAL COMMERCIAL BANKS
WAFD,2448206868.21,32.13,N/A,NATIONAL COMMERCIAL BANKS
DRVN,2437211510.76,14.5,N/A,"SERVICES-AUTOMOTIVE REPAIR, SERVICES & PARKING"
ALKT,2422442533.77,22.68,N/A,SERVICES-PREPACKAGED SOFTWARE
SLDE,2421165284.52,18.56,N/A,"FIRE, MARINE & CASUALTY INSURANCE"
KLIC,2385658280.0,48.35,N/A,SEMICONDUCTORS & RELATED DEVICES
AAOI,2380236895.68,39.6,N/A,SEMICONDUCTORS & RELATED DEVICES
IMNM,2370001749.96,20.82,N/A,PHARMACEUTICAL PREPARATIONS
TRMK,2335374032.25,39.09,N/A,NATIONAL COMMERCIAL BANKS
MGNI,2331404913.87,16.06,N/A,"SERVICES-COMPUTER PROGRAMMING, DATA PROCESSING, ETC."
PLUS,2318689425.2000003,86.64,N/A,WHOLESALE-COMPUTERS & PERIPHERAL EQUIPMENT & SOFTWARE
PTEN,2317168766.6400003,6.47,N/A,DRILLING OIL & GAS WELLS
ODD,2307893917.14,39.45,N/A,
QUBT,2299505099.04,11.01,N/A,SERVICES-PREPACKAGED SOFTWARE
DIOD,2288652231.54,51.43,N/A,SEMICONDUCTORS & RELATED DEVICES
XRAY,2280879005.67,11.27,N/A,DENTAL EQUIPMENT & SUPPLIES
ALM,2259666971.13,8.8,N/A,
SRPT,2255020264.24,21.31,N/A,PHARMACEUTICAL PREPARATIONS
NN,2243556024.32,16.22,N/A,"SEARCH, DETECTION, NAVAGATION, GUIDANCE, AERONAUTICAL SYS"
EXTR,2226412675.35,16.54,N/A,COMPUTER COMMUNICATIONS EQUIPMENT
RARE,2218984087.0,23.6,N/A,PHARMACEUTICAL PREPARATIONS
PGNY,2213915274.72,25.74,N/A,"SERVICES-MISC HEALTH & ALLIED SERVICES, NEC"
SBLK,2188147950.56,19.37,N/A,
CSGS,2187237835.21,76.76,N/A,SERVICES-COMPUTER PROCESSING & DATA PREPARATION
EVCM,2172138959.69,11.55,N/A,SERVICES-PREPACKAGED SOFTWARE
NBTB,2172126813.36,41.59,N/A,NATIONAL COMMERCIAL BANKS
SEZL,2167868149.4500003,65.15,N/A,"SERVICES-BUSINESS SERVICES, NEC"
FRME,2167281749.6,37.5,N/A,NATIONAL COMMERCIAL BANKS
HRMY,2155255716.36,37.38,N/A,PHARMACEUTICAL PREPARATIONS
BELFB,2147611301.69,172.78,N/A,"ELECTRONIC COILS, TRANSFORMERS & OTHER INDUCTORS"
RUM,2142930634.96,6.37,N/A,"SERVICES-COMPUTER PROGRAMMING, DATA PROCESSING, ETC."
BANR,2135824373.8,62.47,N/A,STATE COMMERCIAL BANKS
CECO,2133115705.3500001,59.79,N/A,INDUSTRIAL & COMMERCIAL FANS & BLOWERS & AIR PURIFING EQUIP
RXRX,2128669968.4499998,4.2,N/A,"BIOLOGICAL PRODUCTS, (NO DISGNOSTIC SUBSTANCES)"
ESTA,2117737419.84,68.84,N/A,"ORTHOPEDIC, PROSTHETIC & SURGICAL APPLIANCES & SUPPLIES"
AVDL,2114941523.9,21.52,N/A,PHARMACEUTICAL PREPARATIONS
OSW,2114492381.9399998,20.64,N/A,SERVICES-MEMBERSHIP SPORTS & RECREATION CLUBS
SONO,2111425831.56,17.49,N/A,HOUSEHOLD AUDIO & VIDEO EQUIPMENT
FBNC,2106024059.9099998,50.91,N/A,STATE COMMERCIAL BANKS
BUSE,2103251132.97,23.9,N/A,STATE COMMERCIAL BANKS
AUPH,2102856916.05,15.35,N/A,PHARMACEUTICAL PREPARATIONS
MQ,2090471423.25,4.64,N/A,SERVICES-PREPACKAGED SOFTWARE
SKWD,2069309225.15,48.62,N/A,"FIRE, MARINE & CASUALTY INSURANCE"
TXG,2064080261.81,16.62,N/A,LABORATORY ANALYTICAL INSTRUMENTS
RNW,2057716541.7,5.86,N/A,
EYE,2047772787.56,25.95,N/A,OPHTHALMIC GOODS
PTRN,2033635611.4199998,11.5,N/A,RETAIL-CATALOG & MAIL-ORDER HOUSES
OMCL,2032906446.6,45.14,N/A,ELECTRONIC COMPUTERS
OLMA,2003998075.0,25.28,N/A,PHARMACEUTICAL PREPARATIONS
PAYO,2003194508.48,5.44,N/A,"SERVICES-BUSINESS SERVICES, NEC"
CENT,2000828115.3999999,31.95,N/A,WHOLESALE-MISCELLANEOUS NONDURABLE GOODS
EFSC,1998589086.0,54.05,N/A,STATE COMMERCIAL BANKS
SGRY,1998330485.55,15.26,N/A,"SERVICES-GENERAL MEDICAL & SURGICAL HOSPITALS, NEC"
MAZE,1993588564.92,39.77,N/A,"BIOLOGICAL PRODUCTS, (NO DISGNOSTIC SUBSTANCES)"
WLTH,1987792298.91,13.22,N/A,
ZYME,1985011274.9399998,26.62,N/A,PHARMACEUTICAL PREPARATIONS
ADUS,1984918472.69,106.58,N/A,SERVICES-HOME HEALTH CARE SERVICES
TRMD,1984094403.06,19.79,N/A,
KDK,1978784720.64,10.83,N/A,SERVICES-COMPUTER INTEGRATED SYSTEMS DESIGN
ATRC,1966804045.2800002,39.27,N/A,SURGICAL & MEDICAL INSTRUMENTS & APPARATUS
POWI,1966647197.48,37.3,N/A,SEMICONDUCTORS & RELATED DEVICES
PENN,1965437087.0,14.85,N/A,HOTELS & MOTELS
NTCT,1953560791.3799999,26.85,N/A,SERVICES-COMPUTER INTEGRATED SYSTEMS DESIGN
IBRX,1950231054.42,2.02,N/A,"BIOLOGICAL PRODUCTS, (NO DISGNOSTIC SUBSTANCES)"
ZBIO,1949090517.46,34.5,N/A,PHARMACEUTICAL PREPARATIONS
QDEL,1940124782.3999999,28.78,N/A,IN VITRO & IN VIVO DIAGNOSTIC SUBSTANCES
TWST,1939615384.72,32.39,N/A,"BIOLOGICAL PRODUCTS, (NO DISGNOSTIC SUBSTANCES)"
LUNR,1936560094.32,17.88,N/A,"SEARCH, DETECTION, NAVAGATION, GUIDANCE, AERONAUTICAL SYS"
ATRO,1932523523.04,56.61,N/A,"AIRCRAFT PARTS & AUXILIARY EQUIPMENT, NEC"
HYMC,1932111172.0,24.4,N/A,GOLD AND SILVER ORES
NRIX,1922974387.9499998,18.06,N/A,PHARMACEUTICAL PREPARATIONS
BELFA,1921873463.4,152.89,N/A,"ELECTRONIC COILS, TRANSFORMERS & OTHER INDUCTORS"
SYBT,1914301097.1000001,65.2,N/A,STATE COMMERCIAL BANKS
SMPL,1907583413.9199998,19.56,N/A,FOOD AND KINDRED PRODUCTS
LASR,1904983122.57,38.37,N/A,SEMICONDUCTORS & RELATED DEVICES
IOSP,1896476126.2800002,76.28,N/A,CHEMICALS & ALLIED PRODUCTS
PLAB,1890068512.0,33.41,N/A,SEMICONDUCTORS & RELATED DEVICES
ADEA,1889050794.75,17.58,N/A,CABLE & OTHER PAY TELEVISION SERVICES
PRDO,1886578221.08,29.1,N/A,SERVICES-EDUCATIONAL SERVICES
STRA,1883626763.6000001,78.58,N/A,SERVICES-EDUCATIONAL SERVICES
NYAX,1869071452.6000001,51.95,N/A,
KALU,1861450449.3,120.3,N/A,ROLLING DRAWING & EXTRUDING OF NONFERROUS METALS
PRGS,1843309336.08,41.07,N/A,SERVICES-PREPACKAGED SOFTWARE
REAL,1841255325.6599998,15.8,N/A,RETAIL-MISCELLANEOUS RETAIL
LMAT,1839834113.3999999,80.17,N/A,SURGICAL & MEDICAL INSTRUMENTS & APPARATUS
SION,1836028338.32,39.21,N/A,PHARMACEUTICAL PREPARATIONS
GSHD,1834539085.65,70.16,N/A,"INSURANCE AGENTS, BROKERS & SERVICE"
SNDX,1826080746.38,21.3,N/A,PHARMACEUTICAL PREPARATIONS
DRH,1825180510.7200003,9.12,N/A,REAL ESTATE INVESTMENT TRUSTS
MCW,1821280142.76,5.56,N/A,"SERVICES-AUTOMOTIVE REPAIR, SERVICES & PARKING"
VCEL,1821170676.26,35.61,N/A,"BIOLOGICAL PRODUCTS, (NO DISGNOSTIC SUBSTANCES)"
IRDM,1820479987.9199998,17.76,N/A,"COMMUNICATIONS SERVICES, NEC"
CENTA,1816615013.64,28.96,N/A,WHOLESALE-MISCELLANEOUS NONDURABLE GOODS
HROW,1814835197.0,49.91,N/A,PHARMACEUTICAL PREPARATIONS
STOK,1812898341.0,30.9,N/A,PHARMACEUTICAL PREPARATIONS
DVAX,1805996007.8400002,15.38,N/A,PHARMACEUTICAL PREPARATIONS
CLDX,1804767632.36,27.01,N/A,IN VITRO & IN VIVO DIAGNOSTIC SUBSTANCES
PHVS,1802624848.5,26.48,N/A,
ANDE,1799226169.91,53.05,N/A,WHOLESALE-FARM PRODUCT RAW MATERIALS
WERN,1795507813.17,30.61,N/A,TRUCKING (NO LOCAL)
ANIP,1772847781.9199998,78.43,N/A,PHARMACEUTICAL PREPARATIONS
DNTH,1766920578.15,39.68,N/A,PHARMACEUTICAL PREPARATIONS
LZ,1760293661.94,9.59,N/A,SERVICES-COMPUTER PROCESSING & DATA PREPARATION
SBET,1758437127.54,9.69,N/A,SERVICES-PREPACKAGED SOFTWARE
PRCT,1757940409.94,30.76,N/A,SURGICAL & MEDICAL INSTRUMENTS & APPARATUS
HTO,1754091310.1100001,49.25,N/A,WATER SUPPLY
NWBI,1753199652.0,11.98,N/A,NATIONAL COMMERCIAL BANKS
LMRI,1749464562.0,17.55,N/A,
HBNB,1749118413.06,7.3,N/A,
JJSF,1748041188.46,90.52,N/A,COOKIES & CRACKERS
MCRI,1746552848.7,96.04,N/A,HOTELS & MOTELS
JAMF,1744157418.3,13.0,N/A,SERVICES-PREPACKAGED SOFTWARE
MNKD,1741088493.27,5.6,N/A,PHARMACEUTICAL PREPARATIONS
CCB,1732745527.17,113.3,N/A,STATE COMMERCIAL BANKS
FLYW,1729317357.1200001,13.9,N/A,"SERVICES-BUSINESS SERVICES, NEC"
SEDG,1725231471.3500001,31.36,N/A,SEMICONDUCTORS & RELATED DEVICES
CLMT,1723808358.27,19.55,N/A,PETROLEUM REFINING
DXPE,1721429249.1000001,107.72,N/A,WHOLESALE-INDUSTRIAL MACHINERY & EQUIPMENT
BWIN,1721361631.77,23.78,N/A,"INSURANCE AGENTS, BROKERS & SERVICE"
VECO,1719444535.8,30.54,N/A,"SPECIAL INDUSTRY MACHINERY, NEC"
CHCO,1717511199.2,119.89,N/A,NATIONAL COMMERCIAL BANKS
UFPT,1712393941.32,223.4,N/A,SURGICAL & MEDICAL INSTRUMENTS & APPARATUS
HLMN,1708528265.08,8.71,N/A,"CUTLERY, HANDTOOLS & GENERAL HARDWARE"
KOD,1706914046.88,26.02,N/A,"BIOLOGICAL PRODUCTS, (NO DISGNOSTIC SUBSTANCES)"
AVAH,1706805999.11,8.08,N/A,SERVICES-HOME HEALTH CARE SERVICES
WBTN,1703876758.28,13.21,N/A,MISCELLANEOUS PUBLISHING
TRIP,1702185415.8400002,14.64,N/A,"SERVICES-COMPUTER PROGRAMMING, DATA PROCESSING, ETC."
TIGR,1700382526.3600001,10.44,N/A,
MAAS,1690995722.4,5.825,N/A,
PGY,1680275146.0,22.28,N/A,FINANCE SERVICES
UNIT,1675644638.25,6.83,N/A,TELEPHONE COMMUNICATIONS (NO RADIOTELEPHONE)
ARCB,1670092647.99,77.17,N/A,TRUCKING (NO LOCAL)
USAR,1656224875.9,14.15,N/A,METAL MINING
JBLU,1654883776.0,4.59,N/A,"AIR TRANSPORTATION, SCHEDULED"
NVTS,1645742739.48,8.38,N/A,SEMICONDUCTORS & RELATED DEVICES
BCRX,1643764675.8,7.5,N/A,"BIOLOGICAL PRODUCTS, (NO DISGNOSTIC SUBSTANCES)"
CMPR,1642894096.5600002,65.66,N/A,COMMERCIAL PRINTING
TILE,1630266026.64,28.42,N/A,CARPETS & RUGS
DGII,1627242182.28,43.16,N/A,COMPUTER COMMUNICATIONS EQUIPMENT
INOD,1623315453.45,52.99,N/A,SERVICES-COMPUTER PROCESSING & DATA PREPARATION
CLBK,1621029490.08,15.42,N/A,"SAVINGS INSTITUTION, FEDERALLY CHARTERED"
TRUP,1614315388.6799998,37.2,N/A,HOSPITAL & MEDICAL SERVICE PLANS
TRVI,1605441277.6799998,11.89,N/A,PHARMACEUTICAL PREPARATIONS
HTZ,1601587531.6999998,5.22,N/A,SERVICES-AUTO RENTAL & LEASING (NO DRIVERS)
ALVO,1598513920.02,5.0,N/A,
FTRE,1593900000.0,16.81,N/A,SERVICES-MEDICAL LABORATORIES
CSIQ,1591930287.42,25.41,N/A,
AGIO,1587301962.6399999,27.18,N/A,PHARMACEUTICAL PREPARATIONS
CASH,1586069426.0,71.87,N/A,NATIONAL COMMERCIAL BANKS
WEN,1585530375.73,8.17,N/A,RETAIL-EATING & DRINKING PLACES
ARHS,1581321969.5200002,11.36,N/A,RETAIL-FURNITURE STORES
NESR,1578179705.94,15.79,N/A,"OIL & GAS FIELD SERVICES, NEC"
ENVX,1577614989.24,7.89,N/A,"MISCELLANEOUS ELECTRICAL MACHINERY, EQUIPMENT & SUPPLIES"
ABTC,1576928489.8,1.78,N/A,FINANCE SERVICES
ICFI,1572584999.6,85.31,N/A,SERVICES-MANAGEMENT CONSULTING SERVICES
CAPR,1569963278.52,28.31,N/A,PHARMACEUTICAL PREPARATIONS
FIVN,1568231842.6000001,18.81,N/A,SERVICES-COMPUTER PROCESSING & DATA PREPARATION
MBIN,1562987446.2800002,33.18,N/A,STATE COMMERCIAL BANKS
ALGT,1561598454.98,88.01,N/A,"AIR TRANSPORTATION, SCHEDULED"
NWL,1559424000.0,3.72,N/A,"PLASTICS PRODUCTS, NEC"
AMPL,1548085894.92,10.93,N/A,SERVICES-PREPACKAGED SOFTWARE
PCT,1547903740.6,8.95,N/A,"PLASTIC MATERIALS, SYNTH RESINS & NONVULCAN ELASTOMERS"
KMTS,1547416885.56,24.39,N/A,SURGICAL & MEDICAL INSTRUMENTS & APPARATUS
TCBK,1540076765.76,47.15,N/A,STATE COMMERCIAL BANKS
AZTA,1529613364.28,33.39,N/A,"SPECIAL INDUSTRY MACHINERY, NEC"
WLDN,1528972768.12,106.66,N/A,SERVICES-ENGINEERING SERVICES
SRCE,1526924652.96,62.46,N/A,STATE COMMERCIAL BANKS
MXL,1522908496.62,18.51,N/A,SEMICONDUCTORS & RELATED DEVICES
NEO,1521600539.76,11.76,N/A,SERVICES-TESTING LABORATORIES
FSLY,1520892000.0,10.19,N/A,SERVICES-PREPACKAGED SOFTWARE
NEOG,1518917395.74,7.0,N/A,IN VITRO & IN VIVO DIAGNOSTIC SUBSTANCES
PAHC,1514335594.8799999,37.3,N/A,PHARMACEUTICAL PREPARATIONS
EYPT,1512522509.3999999,17.48,N/A,LABORATORY ANALYTICAL INSTRUMENTS
AXGN,1509582518.9699998,31.0,N/A,ELECTROMEDICAL & ELECTROTHERAPEUTIC APPARATUS
TSHA,1506556551.5,5.25,N/A,"BIOLOGICAL PRODUCTS, (NO DISGNOSTIC SUBSTANCES)"
STBA,1504055375.0,39.24,N/A,STATE COMMERCIAL BANKS
INVA,1494633549.3799999,19.87,N/A,PHARMACEUTICAL PREPARATIONS
LILAK,1493476214.64,7.32,N/A,CABLE & OTHER PAY TELEVISION SERVICES
GLIBK,1492207066.73,36.12,N/A,TELEPHONE COMMUNICATIONS (NO RADIOTELEPHONE)
QURE,1490639495.59,23.39,N/A,PHARMACEUTICAL PREPARATIONS
BLBD,1490603073.0,46.76,N/A,TRUCK & BUS BODIES
TNDM,1490295850.82,21.55,N/A,SURGICAL & MEDICAL INSTRUMENTS & APPARATUS
NSSC,1487202310.8000002,41.38,N/A,"COMMUNICATIONS EQUIPMENT, NEC"
ATAI,1485547722.18,3.87,N/A,PHARMACEUTICAL PREPARATIONS
PLTK,1485420516.65,3.98,N/A,SERVICES-COMPUTER PROCESSING & DATA PREPARATION
LILA,1479462362.76,7.26,N/A,CABLE & OTHER PAY TELEVISION SERVICES
PGEN,1478986405.82,4.28,N/A,PHARMACEUTICAL PREPARATIONS
GLIBA,1478572280.31,35.86,N/A,TELEPHONE COMMUNICATIONS (NO RADIOTELEPHONE)
SGML,1469154683.01,14.21,N/A,
GABC,1468928606.46,38.88,N/A,STATE COMMERCIAL BANKS
ORKA,1467283821.9199998,28.27,N/A,PHARMACEUTICAL PREPARATIONS
UPB,1467147745.6499999,27.07,N/A,PHARMACEUTICAL PREPARATIONS
RLAY,1466307377.1000001,8.18,N/A,"BIOLOGICAL PRODUCTS, (NO DISGNOSTIC SUBSTANCES)"
COLL,1463588188.8,45.53,N/A,PHARMACEUTICAL PREPARATIONS
ROCK,1460589209.28,50.14,N/A,"STEEL WORKS, BLAST FURNACES & ROLLING & FINISHING MILLS"
CNXN,1458164138.24,56.88,N/A,RETAIL-CATALOG & MAIL-ORDER HOUSES
LKFN,1456669447.92,56.46,N/A,STATE COMMERCIAL BANKS
GCT,1455588904.32,38.76,N/A,RETAIL-CATALOG & MAIL-ORDER HOUSES
NVCR,1447927014.33,13.12,N/A,SURGICAL & MEDICAL INSTRUMENTS & APPARATUS
RAPP,1446038926.92,28.11,N/A,PHARMACEUTICAL PREPARATIONS
WINA,1442450946.9,401.59,N/A,RETAIL-MISCELLANEOUS RETAIL
TRS,1440889036.95,36.29,N/A,METAL FORGINGS & STAMPINGS
EXPI,1437472352.2,9.1,N/A,REAL ESTATE AGENTS & MANAGERS (FOR OTHERS)
VITL,1430098168.8,29.82,N/A,FOOD AND KINDRED PRODUCTS
SHLS,1422801553.0,9.09,N/A,SEMICONDUCTORS & RELATED DEVICES
OXLC,1421675525.76,15.05,N/A,
ARDX,1416540203.98,6.15,N/A,PHARMACEUTICAL PREPARATIONS
MBX,1416218605.08,30.55,N/A,PHARMACEUTICAL PREPARATIONS
ARRY,1408334411.74,9.68,N/A,MISCELLANEOUS MANUFACTURING INDUSTRIES
IMTX,1407670204.5,10.45,N/A,
KARO,1405645150.0,44.67,N/A,
BITF,1405120192.1000001,2.6,N/A,
HOPE,1404921124.64,10.98,N/A,NATIONAL COMMERCIAL BANKS
CERT,1403198363.27,8.74,N/A,SERVICES-PREPACKAGED SOFTWARE
TYRA,1403152456.4199998,26.79,N/A,PHARMACEUTICAL PREPARATIONS
QCRH,1402659794.8999999,82.14,N/A,STATE COMMERCIAL BANKS
AFYA,1397651788.15,14.95,N/A,
NEXT,1395503420.1599998,5.38,N/A,NATURAL GAS TRANSMISSION & DISTRIBUTION
ZD,1388596250.8,33.99,N/A,TELEGRAPH & OTHER MESSAGE COMMUNICATIONS
XPEL,1381438975.9099998,50.24,N/A,"COATING, ENGRAVING & ALLIED SERVICES"
AMSC,1370041134.18,31.58,N/A,MOTORS & GENERATORS
AHCO,1348826366.64,9.67,N/A,SERVICES-HOME HEALTH CARE SERVICES
RBCAA,1347882949.33,68.01,N/A,STATE COMMERCIAL BANKS
HCSG,1347109332.0800002,17.35,N/A,SERVICES-NURSING & PERSONAL CARE FACILITIES
ANAB,1342337025.6,44.95,N/A,PHARMACEUTICAL PREPARATIONS
BBNX,1341430506.57,29.25,N/A,SURGICAL & MEDICAL INSTRUMENTS & APPARATUS
TBLA,1328709717.26,4.43,N/A,"SERVICES-COMPUTER PROGRAMMING, DATA PROCESSING, ETC."
AMLX,1326620393.52,11.42,N/A,PHARMACEUTICAL PREPARATIONS
DCOM,1320780841.05,29.87,N/A,NATIONAL COMMERCIAL BANKS
NNNN,1319808384.0,29.48,N/A,
MNMD,1319039245.81,13.64,N/A,MEDICINAL CHEMICALS & BOTANICAL PRODUCTS
CNOB,1318160393.58,26.12,N/A,STATE COMMERCIAL BANKS
SDGR,1317124889.6399999,17.98,N/A,PHARMACEUTICAL PREPARATIONS
CRAI,1317013172.09,200.52,N/A,SERVICES-LEGAL SERVICES
PSIX,1316558740.2,61.53,N/A,ENGINES & TURBINES
XERS,1302505668.6499999,7.35,N/A,PHARMACEUTICAL PREPARATIONS
JCAP,1302209166.82,22.11,N/A,SHORT-TERM BUSINESS CREDIT INSTITUTIONS
IMKTA,1302064474.8,69.67,N/A,RETAIL-GROCERY STORES
OUST,1298512939.16,23.37,N/A,"GENERAL INDUSTRIAL MACHINERY & EQUIPMENT, NEC"
ACET,1290411992.02,8.82,N/A,PHARMACEUTICAL PREPARATIONS
ACHC,1283404063.59,14.29,N/A,"SERVICES-SPECIALTY OUTPATIENT FACILITIES, NEC"
CSWC,1272894005.6999998,22.29,N/A,
NAVI,1267587165.0,12.78,N/A,"SECURITY BROKERS, DEALERS & FLOTATION COMPANIES"
DSGR,1266179003.76,28.04,N/A,"WHOLESALE-MACHINERY, EQUIPMENT & SUPPLIES"
MGIC,1264307103.75,26.05,N/A,
PZZA,1262064621.8400002,40.3,N/A,RETAIL-EATING PLACES
MLKN,1252450068.72,18.26,N/A,OFFICE FURNITURE
EVLV,1250261937.24,6.7,N/A,"COMPUTER PERIPHERAL EQUIPMENT, NEC"
SEPN,1248304472.96,27.98,N/A,PHARMACEUTICAL PREPARATIONS
ASTH,1244360758.53,25.22,N/A,SERVICES-MANAGEMENT CONSULTING SERVICES
PVLA,1238925408.3,100.28,N/A,PHARMACEUTICAL PREPARATIONS
IRMD,1237514055.68,95.5,N/A,SURGICAL & MEDICAL INSTRUMENTS & APPARATUS
CCEC,1233048060.14,20.41,N/A,
STGW,1232858218.05,4.73,N/A,SERVICES-ADVERTISING AGENCIES
PHAR,1231048120.0800002,17.14,N/A,
AMPH,1230599219.72,26.46,N/A,PHARMACEUTICAL PREPARATIONS
SVRA,1226911105.3500001,5.64,N/A,PHARMACEUTICAL PREPARATIONS
GIII,1221801751.52,29.51,N/A,APPAREL & OTHER FINISHD PRODS OF FABRICS & SIMILAR MATL
PSEC,1219659464.1,2.61,N/A,
OMER,1217715383.325,16.38,N/A,PHARMACEUTICAL PREPARATIONS
CLOV,1214193429.25,2.41,N/A,HOSPITAL & MEDICAL SERVICE PLANS
ECPG,1212204790.6000001,55.91,N/A,SHORT-TERM BUSINESS CREDIT INSTITUTIONS
NNE,1211887798.94,27.61,N/A,ELECTRIC SERVICES
BFC,1198101283.6599998,120.63,N/A,NATIONAL COMMERCIAL BANKS
TNGX,1193239052.84,8.93,N/A,PHARMACEUTICAL PREPARATIONS
WABC,1192547829.33,47.83,N/A,NATIONAL COMMERCIAL BANKS
METC,1190854620.0,18.71,N/A,BITUMINOUS COAL & LIGNITE MINING
EZPW,1182515299.24,20.06,N/A,RETAIL-MISCELLANEOUS RETAIL
PHAT,1180186719.6,15.71,N/A,PHARMACEUTICAL PREPARATIONS
GEMI,1167124882.56,10.36,N/A,COMMODITY CONTRACTS BROKERS & DEALERS
BLFS,1164219752.28,23.89,N/A,ELECTROMEDICAL & ELECTROTHERAPEUTIC APPARATUS
NUTX,1164178811.92,148.19,N/A,"SERVICES-BUSINESS SERVICES, NEC"
SAFT,1160395747.1399999,75.71,N/A,"FIRE, MARINE & CASUALTY INSURANCE"
OCS,1154403972.73,20.0,N/A,
PWP,1153786720.2,17.55,N/A,FINANCE SERVICES
PFBC,1151801898.45,95.94,N/A,
SPRY,1151586318.15,11.49,N/A,PHARMACEUTICAL PREPARATIONS
UCTT,1149654939.04,27.32,N/A,SEMICONDUCTORS & RELATED DEVICES
INBX,1148955302.0,75.04,N/A,"BIOLOGICAL PRODUCTS, (NO DISGNOSTIC SUBSTANCES)"
STAA,1139859854.77,23.6,N/A,OPHTHALMIC GOODS
CSTL,1135438835.1,38.54,N/A,SERVICES-MEDICAL LABORATORIES
PDFS,1127304720.27,29.55,N/A,SERVICES-PREPACKAGED SOFTWARE
OCSL,1122209563.02,12.72,N/A,
ROOT,1120212253.03,70.9,N/A,"FIRE, MARINE & CASUALTY INSURANCE"
PCRX,1113390597.0,24.46,N/A,PHARMACEUTICAL PREPARATIONS
THRM,1110199632.76,36.83,N/A,MOTOR VEHICLE PARTS & ACCESSORIES
HLIT,1109985180.98,10.02,N/A,RADIO & TV BROADCASTING & COMMUNICATIONS EQUIPMENT
TRIN,1108761150.75,15.05,N/A,
SSII,1099768126.32,5.65,N/A,SURGICAL & MEDICAL INSTRUMENTS & APPARATUS
URGN,1096264250.64,22.71,N/A,PHARMACEUTICAL PREPARATIONS
XNCR,1093294280.39,14.92,N/A,PHARMACEUTICAL PREPARATIONS
NVAX,1091993246.3999999,7.13,N/A,"BIOLOGICAL PRODUCTS, (NO DISGNOSTIC SUBSTANCES)"
COHU,1086537197.59,24.61,N/A,INSTRUMENTS FOR MEAS & TESTING OF ELECTRICITY & ELEC SIGNALS
SANA,1084110108.4,4.19,N/A,"BIOLOGICAL PRODUCTS, (NO DISGNOSTIC SUBSTANCES)"
IOVA,1083722558.1,2.52,N/A,"BIOLOGICAL PRODUCTS, (NO DISGNOSTIC SUBSTANCES)"
IGIC,1083340661.65,25.03,N/A,
ELE,1082178478.21,15.79,N/A,
DMLP,1078991862.0,23.25,N/A,CRUDE PETROLEUM & NATURAL GAS
ULCC,1074961232.31,4.57,N/A,"AIR TRANSPORTATION, SCHEDULED"
PEBO,1072159978.89,30.16,N/A,STATE COMMERCIAL BANKS
MFIC,1067393435.68,11.46,N/A,
SBGI,1066158881.1,15.22,N/A,TELEVISION BROADCASTING STATIONS
TASK,1066023751.5899999,11.42,N/A,SERVICES-COMPUTER PROCESSING & DATA PREPARATION
NEGG,1064258524.8,52.29,N/A,SURGICAL & MEDICAL INSTRUMENTS & APPARATUS
CCOI,1059052188.04,20.62,N/A,"COMMUNICATIONS SERVICES, NEC"
ERAS,1055407914.6,3.59,N/A,PHARMACEUTICAL PREPARATIONS
FSUN,1049256686.9849999,37.81,N/A,NATIONAL COMMERCIAL BANKS
CRCT,1048138314.3000001,4.83,N/A,"SPECIAL INDUSTRY MACHINERY, NEC"
TLRY,1047479999.9999999,9.72,N/A,MEDICINAL CHEMICALS & BOTANICAL PRODUCTS
RDWR,1046333780.58,23.78,N/A,
NTLA,1041311034.74,9.21,N/A,IN VITRO & IN VIVO DIAGNOSTIC SUBSTANCES
WSHP,1039649885.0,100.0,N/A,
OCFC,1030128672.8,17.84,N/A,NATIONAL COMMERCIAL BANKS
PENG,1028076670.92,20.28,N/A,SEMICONDUCTORS & RELATED DEVICES
OSBC,1027049868.0,19.48,N/A,STATE COMMERCIAL BANKS
ABCL,1023725864.16,3.43,N/A,PHARMACEUTICAL PREPARATIONS
CTBI,1023545355.5,56.415,N/A,STATE COMMERCIAL BANKS
GLUE,1021046492.48,15.31,N/A,"BIOLOGICAL PRODUCTS, (NO DISGNOSTIC SUBSTANCES)"
ALMS,1018879613.28,8.955,N/A,PHARMACEUTICAL PREPARATIONS
CVAC,1017780825.4799999,4.67,N/A,
UPBD,1016824636.3599999,17.35,N/A,"SERVICES-EQUIPMENT RENTAL & LEASING, NEC"
ATLC,1013725433.5,66.35,N/A,PERSONAL CREDIT INSTITUTIONS
PLPC,1013265754.4100001,211.93,N/A,"WATER, SEWER, PIPELINE, COMM & POWER LINE CONSTRUCTION"
CRON,1007009292.2099999,2.7,N/A,MEDICINAL CHEMICALS & BOTANICAL PRODUCTS
MDXG,1002651616.43,6.48,N/A,SURGICAL & MEDICAL INSTRUMENTS & APPARATUS
BBOT,1001458361.24,12.29,N/A,PHARMACEUTICAL PREPARATIONS
RPD,995307795.1999999,14.27,N/A,SERVICES-PREPACKAGED SOFTWARE
LGIH,991478136.0,41.71,N/A,OPERATIVE BUILDERS
GO,991186023.0,10.17,N/A,RETAIL-GROCERY STORES
ASTE,990981432.12,44.63,N/A,CONSTRUCTION MACHINERY & EQUIP
NRDS,985264266.5,12.93,N/A,SERVICES-COMPUTER PROCESSING & DATA PREPARATION
AEBI,978373580.25,12.59,N/A,CONSTRUCTION MACHINERY & EQUIP
PNTG,973813218.0,27.83,N/A,SERVICES-HEALTH SERVICES
EVER,970809867.0,25.43,N/A,"SERVICES-COMPUTER PROGRAMMING, DATA PROCESSING, ETC."
CDNA,968990918.76,19.14,N/A,SERVICES-MEDICAL LABORATORIES
IART,967420018.62,12.01,N/A,SURGICAL & MEDICAL INSTRUMENTS & APPARATUS
OPK,967303612.8,1.27,N/A,PHARMACEUTICAL PREPARATIONS
DAKT,963744342.09,19.84,N/A,MISCELLANEOUS MANUFACTURING INDUSTRIES
PRCH,962040452.8900001,9.22,N/A,SERVICES-PREPACKAGED SOFTWARE
AMAL,958860329.6,31.94,N/A,STATE COMMERCIAL BANKS
DAWN,956935678.64,8.85,N/A,PHARMACEUTICAL PREPARATIONS
CMPX,955119487.74,5.17,N/A,"BIOLOGICAL PRODUCTS, (NO DISGNOSTIC SUBSTANCES)"
NMFC,950065028.5200001,9.22,N/A,
TBPH,948081184.01,18.15,N/A,PHARMACEUTICAL PREPARATIONS
RCAT,946613132.27,9.16,N/A,SERVICES-PREPACKAGED SOFTWARE
MFI,938765592.2599999,18.45,N/A,
RAPT,938567200.77,31.85,N/A,PHARMACEUTICAL PREPARATIONS
BHRB,936427330.44,61.77,N/A,NATIONAL COMMERCIAL BANKS
FMBH,936142506.0,38.63,N/A,STATE COMMERCIAL BANKS
MLTX,933768745.18,11.95,N/A,PHARMACEUTICAL PREPARATIONS
UVSP,932294843.62,32.28,N/A,STATE COMMERCIAL BANKS
PLSE,930448845.94,13.39,N/A,SURGICAL & MEDICAL INSTRUMENTS & APPARATUS
LQDT,928691337.77,29.59,N/A,"SERVICES-BUSINESS SERVICES, NEC"
INMD,928542442.88,14.8,N/A,
BBSI,927867598.83,36.39,N/A,SERVICES-HELP SUPPLY SERVICES
MRTN,927702425.12,11.45,N/A,TRUCKING (NO LOCAL)
UFCS,927445859.1500001,35.58,N/A,"FIRE, MARINE & CASUALTY INSURANCE"
CDNL,926857193.34,22.62,N/A,
ABUS,925078521.77,4.77,N/A,PHARMACEUTICAL PREPARATIONS
MSEX,924592833.98,50.27,N/A,WATER SUPPLY
WLFC,924271848.56,134.12,N/A,"WHOLESALE-MACHINERY, EQUIPMENT & SUPPLIES"
THH,922352387.5,20.365,N/A,
BCAX,921980218.4999999,16.38,N/A,PHARMACEUTICAL PREPARATIONS
FWRG,920364143.4,15.37,N/A,RETAIL-EATING PLACES
GDRX,919863481.49,2.75,N/A,SERVICES-COMPUTER PROCESSING & DATA PREPARATION
MVST,918911935.1999999,2.82,N/A,"MISCELLANEOUS ELECTRICAL MACHINERY, EQUIPMENT & SUPPLIES"
CRMD,916316593.35,12.16,N/A,PHARMACEUTICAL PREPARATIONS
ELVN,913948681.8000001,15.54,N/A,PHARMACEUTICAL PREPARATIONS
OMDA,913788981.66,14.9,N/A,SERVICES-HEALTH SERVICES
ALNT,910712963.75,55.58,N/A,INSTRUMENTS FOR MEAS & TESTING OF ELECTRICITY & ELEC SIGNALS
CGBD,910558232.69,12.55,N/A,
NBBK,907177256.0,19.53,N/A,"SAVINGS INSTITUTIONS, NOT FEDERALLY CHARTERED"
LMB,905147469.9,79.07,N/A,CONSTRUCTION - SPECIAL TRADE CONTRACTORS
KURA,904112012.0200001,10.335,N/A,PHARMACEUTICAL PREPARATIONS
CHY,896902837.74,11.35,N/A,
CFFN,895094857.05,6.69,N/A,"SAVINGS INSTITUTION, FEDERALLY CHARTERED"
OLPX,894465952.7,1.35,N/A,"PERFUMES, COSMETICS & OTHER TOILET PREPARATIONS"
GLDD,892150881.5999999,13.26,N/A,HEAVY CONSTRUCTION OTHER THAN BLDG CONST - CONTRACTORS
NBN,889948432.8000001,102.86,N/A,LUMBER & WOOD PRODUCTS (NO FURNITURE)
SKYT,880905280.0,22.43,N/A,SEMICONDUCTORS & RELATED DEVICES
ESPR,877156184.3000001,3.71,N/A,PHARMACEUTICAL PREPARATIONS
ESQ,874279666.3699999,101.31,N/A,"COMMERCIAL BANKS, NEC"
HBNC,868647663.6800001,16.54,N/A,STATE COMMERCIAL BANKS
GSM,865944041.4399999,4.59,N/A,
RJET,861553000.0,19.62,N/A,"AIR TRANSPORTATION, SCHEDULED"
RZLV,860780518.78,2.87,N/A,
NKTR,860042382.9200001,43.42,N/A,PHARMACEUTICAL PREPARATIONS
YDES,859655366.2099999,12.0,N/A,
SCSC,857074167.1800001,39.06,N/A,WHOLESALE-COMPUTERS & PERIPHERAL EQUIPMENT & SOFTWARE
SIBN,855675528.88,19.79,N/A,SURGICAL & MEDICAL INSTRUMENTS & APPARATUS
ITRN,855622875.8,42.52,N/A,
DGNX,846532417.92,4.65,N/A,
UDMY,845006286.15,5.57,N/A,SERVICES-EDUCATIONAL SERVICES
SLRC,843414641.6400001,15.43,N/A,
GERN,842628963.0,1.32,N/A,PHARMACEUTICAL PREPARATIONS
VIR,838923942.96,5.94,N/A,"BIOLOGICAL PRODUCTS, (NO DISGNOSTIC SUBSTANCES)"
HNRG,834428114.24,19.36,N/A,ELECTRIC SERVICES
POET,834101802.21,7.16,N/A,
BJRI,832710371.4,41.09,N/A,RETAIL-EATING PLACES
GILT,831663103.86,13.41,N/A,
AVBP,830580983.32,20.8,N/A,PHARMACEUTICAL PREPARATIONS
JANX,830039736.6,13.65,N/A,PHARMACEUTICAL PREPARATIONS
VINP,824710353.3599999,13.03,N/A,
JBSS,822084685.4,69.77,N/A,SUGAR & CONFECTIONERY PRODUCTS
AVO,818606397.1999999,11.58,N/A,
CRML,818257257.76,8.12,N/A,
KALV,816322631.9499999,15.46,N/A,PHARMACEUTICAL PREPARATIONS
CHI,816093644.88,10.6,N/A,
QNST,815520132.75,14.08,N/A,"SERVICES-BUSINESS SERVICES, NEC"
CBLL,813508481.7,21.3,N/A,ELECTROMEDICAL & ELECTROTHERAPEUTIC APPARATUS
HBT,812515235.4000001,25.71,N/A,STATE COMMERCIAL BANKS
FLGT,812068537.84,25.59,N/A,SERVICES-MEDICAL LABORATORIES
CCCX,811980000.0,17.14,N/A,BLANK CHECKS
SLDP,811850172.5,4.65,N/A,"MISCELLANEOUS ELECTRICAL MACHINERY, EQUIPMENT & SUPPLIES"
HAFC,809691948.21,26.85,N/A,NATIONAL COMMERCIAL BANKS
MATW,804387445.28,25.93,N/A,NONFERROUS FOUNDRIES (CASTINGS)
HFWA,803076853.6999999,23.7,N/A,"SAVINGS INSTITUTIONS, NOT FEDERALLY CHARTERED"
RDVT,802324755.45,51.37,N/A,SERVICES-PREPACKAGED SOFTWARE
TDUP,799656696.27,6.07,N/A,RETAIL-CATALOG & MAIL-ORDER HOUSES
TH,799234051.3199999,8.1,N/A,"HOTELS, ROOMING HOUSES, CAMPS & OTHER LODGING PLACES"
LIND,798878714.06,14.44,N/A,TRANSPORTATION SERVICES
AEVA,797861178.24,12.75,N/A,MOTOR VEHICLE PARTS & ACCESSORIES
MPLT,796977324.6450001,16.77,N/A,
ORIC,796644302.22,8.17,N/A,PHARMACEUTICAL PREPARATIONS
MOFG,794419279.5,38.07,N/A,STATE COMMERCIAL BANKS
WOOF,790295982.82,2.85,N/A,"RETAIL-RETAIL STORES, NEC"
AQST,788140109.98,6.45,N/A,PHARMACEUTICAL PREPARATIONS
GHRS,787773316.5,13.24,N/A,
AMWD,785278263.0,54.99,N/A,"MILLWOOD, VENEER, PLYWOOD, & STRUCTURAL WOOD MEMBERS"
APOG,783212961.3,37.34,N/A,"GLASS PRODUCTS, MADE OF PURCHASED GLASS"
CTLP,782664571.9799999,10.68,N/A,CALCULATING & ACCOUNTING MACHINES (NO ELECTRONIC COMPUTERS)
MBWM,781795466.4,47.61,N/A,STATE COMMERCIAL BANKS
FWRD,781205850.0,25.13,N/A,ARRANGEMENT OF TRANSPORTATION OF FREIGHT & CARGO
RIGL,777422063.52,41.83,N/A,PHARMACEUTICAL PREPARATIONS
METCB,777363432.5,12.47,N/A,BITUMINOUS COAL & LIGNITE MINING
BFST,774145771.8000001,25.88,N/A,STATE COMMERCIAL BANKS
SERV,773138543.1600001,11.83,N/A,"GENERAL INDUSTRIAL MACHINERY & EQUIPMENT, NEC"
REAX,773070000.0,3.69,N/A,
CCNE,771393200.8000001,25.74,N/A,STATE COMMERCIAL BANKS
AXG,769382074.35,4.08,N/A,
DBVT,769360613.58,19.05,N/A,"BIOLOGICAL PRODUCTS, (NO DISGNOSTIC SUBSTANCES)"
GDYN,765790965.03,8.83,N/A,SERVICES-PREPACKAGED SOFTWARE
MCBS,764837204.28,26.27,N/A,STATE COMMERCIAL BANKS
FSBC,764525106.86,35.65,N/A,STATE COMMERCIAL BANKS
BLDP,763876186.24,2.68,N/A,
LINC,763714649.25,23.31,N/A,SERVICES-EDUCATIONAL SERVICES
REPL,762469206.48,8.9,N/A,"BIOLOGICAL PRODUCTS, (NO DISGNOSTIC SUBSTANCES)"
ADSE,762353756.48,12.61,N/A,
AXTI,762288829.5000001,16.76,N/A,SEMICONDUCTORS & RELATED DEVICES
ARVN,761700126.8399999,11.47,N/A,PHARMACEUTICAL PREPARATIONS
TRST,761464705.27,41.28,N/A,STATE COMMERCIAL BANKS
JBIO,760920219.91,14.16,N/A,PHARMACEUTICAL PREPARATIONS
SNCY,758563583.26,14.49,N/A,"AIR TRANSPORTATION, SCHEDULED"
SENEA,757964961.13,108.22,N/A,"CANNED, FRUITS, VEG, PRESERVES, JAMS & JELLIES"
SCHL,753837363.59,29.96,N/A,BOOKS: PUBLISHING OR PUBLISHING & PRINTING
SENEB,750634015.5600001,0.0,N/A,"CANNED, FRUITS, VEG, PRESERVES, JAMS & JELLIES"
ANNX,748260512.5799999,4.69,N/A,PHARMACEUTICAL PREPARATIONS
ATXS,747240529.42,12.89,N/A,PHARMACEUTICAL PREPARATIONS
FULC,746123991.21,10.92,N/A,PHARMACEUTICAL PREPARATIONS
SSYS,741584480.0,9.01,N/A,
SWIM,740764171.25,6.33,N/A,"PLASTICS PRODUCTS, NEC"
BGM,740300191.02,3.58,N/A,
HTBK,736602808.5699999,12.06,N/A,STATE COMMERCIAL BANKS
CAC,734086120.5,43.03,N/A,NATIONAL COMMERCIAL BANKS
DGICA,732098388.78,19.43,N/A,"FIRE, MARINE & CASUALTY INSURANCE"
RGNX,728972438.4,13.57,N/A,"BIOLOGICAL PRODUCTS, (NO DISGNOSTIC SUBSTANCES)"
AMSF,726886165.5899999,37.58,N/A,"FIRE, MARINE & CASUALTY INSURANCE"
FBYD,726634355.17,14.25,N/A,SERVICES-MISCELLANEOUS AMUSEMENT & RECREATION
CCBG,726619880.25,42.32,N/A,STATE COMMERCIAL BANKS
TREE,725777250.6400001,51.5,N/A,LOAN BROKERS
LXEO,724764157.11,9.61,N/A,"BIOLOGICAL PRODUCTS, (NO DISGNOSTIC SUBSTANCES)"
CTMX,721794782.6999999,4.25,N/A,PHARMACEUTICAL PREPARATIONS
GRPN,717692080.8299999,17.31,N/A,SERVICES-ADVERTISING AGENCIES
GOSS,717514365.7,2.88,N/A,PHARMACEUTICAL PREPARATIONS
BTQ,716932761.6,5.18,N/A,
THFF,716015970.9,59.52,N/A,STATE COMMERCIAL BANKS
FOXF,715221218.27,17.42,N/A,"MOTORCYCLES, BICYCLES & PARTS"
INDI,715217723.0899999,3.7,N/A,SEMICONDUCTORS & RELATED DEVICES
MPB,714774906.78,30.86,N/A,STATE COMMERCIAL BANKS
ERII,714593575.04,13.72,N/A,"SPECIAL INDUSTRY MACHINERY, NEC"
AIOT,711946983.72,5.25,N/A,"COMMUNICATIONS EQUIPMENT, NEC"
GDEN,711670652.15,27.3,N/A,SERVICES-MISCELLANEOUS AMUSEMENT & RECREATION
GCMG,709268297.2,11.3,N/A,INVESTMENT ADVICE
WRLD,707295630.03,141.8,N/A,PERSONAL CREDIT INSTITUTIONS
PSNL,706882610.08,7.85,N/A,SERVICES-MEDICAL LABORATORIES
SFIX,704544718.5,5.12,N/A,RETAIL-CATALOG & MAIL-ORDER HOUSES
INNV,704186626.8900001,5.19,N/A,SERVICES-HEALTH SERVICES
ACDC,703588901.87,4.04,N/A,"OIL & GAS FIELD SERVICES, NEC"
EMBC,703438464.96,11.66,N/A,SURGICAL & MEDICAL INSTRUMENTS & APPARATUS
FDUS,703050576.3000001,19.53,N/A,
HTLD,699351259.1099999,9.15,N/A,TRUCKING (NO LOCAL)
NTGR,696719580.15,24.3,N/A,TELEPHONE & TELEGRAPH APPARATUS
ADTN,696207996.55,8.68,N/A,TELEPHONE & TELEGRAPH APPARATUS
TIPT,691039620.18,18.04,N/A,"FIRE, MARINE & CASUALTY INSURANCE"
ORRF,690646433.4,34.91,N/A,STATE COMMERCIAL BANKS
PRAA,690183168.98,17.48,N/A,SHORT-TERM BUSINESS CREDIT INSTITUTIONS
GSBC,688810968.72,61.31,N/A,STATE COMMERCIAL BANKS
DNUT,688625999.9999999,4.08,N/A,RETAIL-FOOD STORES
CGNT,686558055.4,8.9,N/A,
HSTM,684443920.59,22.79,N/A,"SERVICES-COMPUTER PROGRAMMING, DATA PROCESSING, ETC."
GPRE,684383411.6,10.28,N/A,INDUSTRIAL ORGANIC CHEMICALS
IVVD,684350184.44,2.5,N/A,"BIOLOGICAL PRODUCTS, (NO DISGNOSTIC SUBSTANCES)"
APEI,683614134.0,36.15,N/A,SERVICES-EDUCATIONAL SERVICES
GYRE,680112088.42,6.81,N/A,PHARMACEUTICAL PREPARATIONS
AIP,677098481.5,15.58,N/A,SEMICONDUCTORS & RELATED DEVICES
KE,677093258.66,28.79,N/A,PRINTED CIRCUIT BOARDS
LAES,676245012.66,4.24,N/A,
IBCP,673109198.5600001,32.19,N/A,STATE COMMERCIAL BANKS
DJCO,671247238.3199999,501.82,N/A,NEWSPAPERS: PUBLISHING OR PUBLISHING & PRINTING
SPT,667063963.23,10.35,N/A,SERVICES-PREPACKAGED SOFTWARE
SMBC,662273413.68,58.595,N/A,"SAVINGS INSTITUTIONS, NOT FEDERALLY CHARTERED"
KRNT,661087598.5600001,14.34,N/A,
ADAM,659246764.8,7.44,N/A,REAL ESTATE INVESTMENT TRUSTS
ORGO,657404895.56,4.635,N/A,PHARMACEUTICAL PREPARATIONS
LYEL,653888904.12,28.98,N/A,PHARMACEUTICAL PREPARATIONS
EGBN,650551875.12,20.85,N/A,STATE COMMERCIAL BANKS
DMII,649192500.0,9.9,N/A,BLANK CHECKS
DGICB,648189214.09,17.55,N/A,"FIRE, MARINE & CASUALTY INSURANCE"
TCMD,647731878.0,27.4,N/A,SURGICAL & MEDICAL INSTRUMENTS & APPARATUS
CTKB,645717391.5,4.92,N/A,LABORATORY ANALYTICAL INSTRUMENTS
TBLD,644845848.3000001,20.18,N/A,
VTYX,644368501.14,8.4,N/A,PHARMACEUTICAL PREPARATIONS
ASST,641642723.73,0.8646,N/A,FINANCE SERVICES
RR,640628807.16,3.48,N/A,"GENERAL INDUSTRIAL MACHINERY & EQUIPMENT, NEC"
MGTX,639902567.5500001,7.81,N/A,"BIOLOGICAL PRODUCTS, (NO DISGNOSTIC SUBSTANCES)"
DCBO,637913980.8,22.435,N/A,
SHEN,634622486.84,11.31,N/A,TELEPHONE COMMUNICATIONS (NO RADIOTELEPHONE)
KRUS,633793591.41,54.23,N/A,RETAIL-EATING PLACES
ICHR,633701377.33,20.41,N/A,SEMICONDUCTORS & RELATED DEVICES
CRSR,633056747.4000001,6.02,N/A,"COMPUTER PERIPHERAL EQUIPMENT, NEC"
NB,632611842.5,5.95,N/A,METAL MINING
SPFI,630416153.1999999,38.28,N/A,STATE COMMERCIAL BANKS
FISI,627469118.82,30.84,N/A,NATIONAL COMMERCIAL BANKS
PRME,626371983.26,3.53,N/A,"BIOLOGICAL PRODUCTS, (NO DISGNOSTIC SUBSTANCES)"
IHRT,624659443.2,4.15,N/A,RADIO BROADCASTING STATIONS
GOGO,623761233.72,4.76,N/A,"COMMUNICATIONS SERVICES, NEC"
KROS,620289164.84,18.54,N/A,PHARMACEUTICAL PREPARATIONS
HIFS,619643314.0,271.7,N/A,
FCBC,617761745.65,32.05,N/A,STATE COMMERCIAL BANKS
ACIC,615905764.26,11.38,N/A,"FIRE, MARINE & CASUALTY INSURANCE"
HIVE,613954854.84,2.73,N/A,
BTBT,611745430.5899999,2.04,N/A,FINANCE SERVICES
CGEM,611439280.65,10.12,N/A,"BIOLOGICAL PRODUCTS, (NO DISGNOSTIC SUBSTANCES)"
DRUG,607710044.44,83.46,N/A,
AEHR,605833052.1,22.16,N/A,INSTRUMENTS FOR MEAS & TESTING OF ELECTRICITY & ELEC SIGNALS
ENGN,604871488.8299999,8.85,N/A,"BIOLOGICAL PRODUCTS, (NO DISGNOSTIC SUBSTANCES)"
WYFI,604507826.2,16.83,N/A,FINANCE SERVICES
IIIV,603857249.38,25.25,N/A,"SERVICES-BUSINESS SERVICES, NEC"
BCAL,603463894.1700001,18.55,N/A,NATIONAL COMMERCIAL BANKS
ECX,601640993.0,1.64,N/A,
MNRO,601593986.4,19.7,N/A,"SERVICES-AUTOMOTIVE REPAIR, SERVICES & PARKING"
TALK,601331730.12,3.51,N/A,SERVICES-HEALTH SERVICES
NWPX,600507090.99,63.03,N/A,STEEL PIPE & TUBES
OFIX,600330830.44,14.84,N/A,SURGICAL & MEDICAL INSTRUMENTS & APPARATUS
AOSL,595517324.5,20.66,N/A,SEMICONDUCTORS & RELATED DEVICES
HPK,595282820.82,4.47,N/A,DRILLING OIL & GAS WELLS
ASPI,592994652.6999999,5.63,N/A,MISCELLANEOUS CHEMICAL PRODUCTS
SHBI,590985046.08,17.41,N/A,NATIONAL COMMERCIAL BANKS
OWLS,590362842.28,6.57,N/A,
NRIM,587832675.48,26.86,N/A,"SAVINGS INSTITUTION, FEDERALLY CHARTERED"
CEPF,587502000.0,10.34,N/A,BLANK CHECKS
VSTM,581468856.0,7.23,N/A,PHARMACEUTICAL PREPARATIONS
CEVA,581423163.6,22.42,N/A,"SERVICES-COMPUTER PROGRAMMING, DATA PROCESSING, ETC."
TATT,578375448.42,47.58,N/A,
CRVS,575050414.4,7.32,N/A,PHARMACEUTICAL PREPARATIONS
BWMN,573660719.58,33.87,N/A,SERVICES-MANAGEMENT CONSULTING SERVICES
MYGN,573264390.3000001,6.14,N/A,IN VITRO & IN VIVO DIAGNOSTIC SUBSTANCES
ALRS,571947263.56,22.45,N/A,NATIONAL COMMERCIAL BANKS
FWDI,571497063.65,7.31,N/A,"PLASTICS PRODUCTS, NEC"
LYTS,569619839.52,18.47,N/A,ELECTRIC LIGHTING & WIRING EQUIPMENT
CBRL,567133613.0,26.85,N/A,RETAIL-EATING PLACES
PACB,564566895.97,1.84,N/A,LABORATORY ANALYTICAL INSTRUMENTS
CCD,564365923.24,21.1,N/A,
LBRX,563158010.52,20.44,N/A,PHARMACEUTICAL PREPARATIONS
WASH,562482329.25,28.84,N/A,STATE COMMERCIAL BANKS
CWCO,562216847.4399999,34.83,N/A,WATER SUPPLY
PLAY,562167095.65,17.04,N/A,RETAIL-EATING PLACES
APPS,560744495.0,4.78,N/A,PATENT OWNERS & LESSORS
KYTX,560302068.2,8.77,N/A,"BIOLOGICAL PRODUCTS, (NO DISGNOSTIC SUBSTANCES)"
ANGI,557936934.75,12.65,N/A,SERVICES-ADVERTISING
GAIN,553860920.47,13.94,N/A,
MAMA,548413462.17,12.93,N/A,SAUSAGES & OTHER PREPARED MEAT PRODUCTS
IRWD,548227040.39,4.27,N/A,PHARMACEUTICAL PREPARATIONS
CASS,543259264.08,40.575,N/A,"SERVICES-BUSINESS SERVICES, NEC"
MBUU,542381934.64,28.61,N/A,SHIP & BOAT BUILDING & REPAIRING
ASMB,537940931.4,33.745,N/A,PHARMACEUTICAL PREPARATIONS
SABR,537043442.24,1.33,N/A,"SERVICES-COMPUTER PROGRAMMING, DATA PROCESSING, ETC."
SLS,537007241.03,4.35,N/A,PHARMACEUTICAL PREPARATIONS
FIP,536117465.21000004,4.88,N/A,"RAILROADS, LINE-HAUL OPERATING"
DSGN,534320040.66,9.1,N/A,PHARMACEUTICAL PREPARATIONS
TRNS,529200812.76,57.16,N/A,INSTRUMENTS FOR MEAS & TESTING OF ELECTRICITY & ELEC SIGNALS
ANGO,529005996.96,12.68,N/A,SURGICAL & MEDICAL INSTRUMENTS & APPARATUS
FEIM,526428514.48,50.55,N/A,INSTRUMENTS FOR MEAS & TESTING OF ELECTRICITY & ELEC SIGNALS
BLMN,525789451.46999997,6.38,N/A,RETAIL-EATING PLACES
ABSI,524796643.19000006,3.61,N/A,SERVICES-COMMERCIAL PHYSICAL & BIOLOGICAL RESEARCH
VLGEA,522199070.65000004,34.69,N/A,RETAIL-GROCERY STORES
VNDA,521232276.6,8.25,N/A,PHARMACEUTICAL PREPARATIONS
CCAP,519744948.15000004,14.28,N/A,
UNTY,519240043.68,51.08,N/A,STATE COMMERCIAL BANKS
MGPI,517451854.5,24.09,N/A,"WHOLESALE-BEER, WINE & DISTILLED ALCOHOLIC BEVERAGES"
GOOD,516440323.85,10.79,N/A,"LESSORS OF REAL PROPERTY, NEC"
AROW,516293024.2,31.3,N/A,NATIONAL COMMERCIAL BANKS
NPCE,514271412.96,15.17,N/A,SURGICAL & MEDICAL INSTRUMENTS & APPARATUS
IBEX,514176741.5,36.32,N/A,SERVICES-COMPUTER PROCESSING & DATA PREPARATION
PRTA,514076328.1,9.2,N/A,PHARMACEUTICAL PREPARATIONS
FFIC,512418904.46,15.14,N/A,STATE COMMERCIAL BANKS
BETR,511396466.03999996,34.74,N/A,LOAN BROKERS
RBBN,508606819.2,2.9,N/A,SERVICES-COMPUTER INTEGRATED SYSTEMS DESIGN
NAGE,507567044.04,6.25,N/A,MEDICINAL CHEMICALS & BOTANICAL PRODUCTS
ARKO,505895732.12,4.47,N/A,RETAIL-CONVENIENCE STORES
ZVRA,504425913.6,8.34,N/A,PHARMACEUTICAL PREPARATIONS
ACNB,502105660.2,47.25,N/A,STATE COMMERCIAL BANKS
FMNB,501540397.56,13.27,N/A,STATE COMMERCIAL BANKS
CV,500754075.25,10.24,N/A,ELECTROMEDICAL & ELECTROTHERAPEUTIC APPARATUS
LENZ,500639504.0,16.0,N/A,"BIOLOGICAL PRODUCTS, (NO DISGNOSTIC SUBSTANCES)"
IMSR,499623394.53000003,6.53,N/A,FABRICATED PLATE WORK (BOILER SHOPS)
BVS,498304988.88000005,7.21,N/A,SURGICAL & MEDICAL INSTRUMENTS & APPARATUS
GLRE,497166715.08,14.16,N/A,"FIRE, MARINE & CASUALTY INSURANCE"
RSVR,496502848.11,7.48,N/A,SERVICES-AMUSEMENT & RECREATION SERVICES
CMCO,495562502.25,17.2,N/A,CONSTRUCTION MACHINERY & EQUIP
SUPX,494017655.03999996,15.39,N/A,
HCKT,492694979.65999997,19.55,N/A,SERVICES-MANAGEMENT CONSULTING SERVICES
LAB,492243729.92,1.27,N/A,LABORATORY ANALYTICAL INSTRUMENTS
LPTH,491725911.6,11.72,N/A,SEMICONDUCTORS & RELATED DEVICES
UROY,489768589.86,3.88,N/A,
HELE,489362403.75,20.61,N/A,ELECTRIC HOUSEWARES & FANS
PGC,488990829.15000004,27.79,N/A,"COMMERCIAL BANKS, NEC"
OSPN,488268259.32,12.29,N/A,SERVICES-COMPUTER INTEGRATED SYSTEMS DESIGN
GBFH,487206469.57,32.51,N/A,STATE COMMERCIAL BANKS
PFIS,486836722.45,48.19,N/A,NATIONAL COMMERCIAL BANKS
VREX,485684678.8,11.65,N/A,"ELECTRONIC COMPONENTS, NEC"
GEVO,484617612.0,2.06,N/A,INDUSTRIAL ORGANIC CHEMICALS
BWB,483560351.96000004,17.53,N/A,STATE COMMERCIAL BANKS
RRBI,482624580.87000006,69.92,N/A,STATE COMMERCIAL BANKS
MITK,482581792.50000006,9.97,N/A,"COMPUTER PERIPHERAL EQUIPMENT, NEC"
CYRX,480661478.4,9.56,N/A,PHARMACEUTICAL PREPARATIONS
CRNC,480395312.33,11.56,N/A,SERVICES-PREPACKAGED SOFTWARE
ZEUS,479090214.48499995,43.87,N/A,WHOLESALE-METALS SERVICE CENTERS & OFFICES
VBNK,478544114.3,14.99,N/A,
NFBK,477791087.84999996,11.33,N/A,"SAVINGS INSTITUTION, FEDERALLY CHARTERED"
ALLT,476023805.28000003,9.66,N/A,
ALTI,475436727.67999995,4.71,N/A,INVESTMENT ADVICE
BIOA,474362139.51,12.83,N/A,PHARMACEUTICAL PREPARATIONS
CLMB,474216114.34000003,100.53,N/A,WHOLESALE-COMPUTERS & PERIPHERAL EQUIPMENT & SOFTWARE
CHW,473235107.67,7.47,N/A,
BAND,471558426.45,14.22,N/A,SERVICES-PREPACKAGED SOFTWARE
MRVI,471323940.75,3.4,N/A,PHARMACEUTICAL PREPARATIONS
ITIC,471213973.35999995,246.6,N/A,TITLE INSURANCE
LWLG,471195225.00000006,3.66,N/A,MISCELLANEOUS PLASTICS PRODUCTS
SOHU,470222856.0,15.83,N/A,
GLAD,466772805.54,20.69,N/A,
CDZI,466247543.19,5.8,N/A,WATER SUPPLY
LEGH,465917551.03999996,19.3,N/A,MOBILE HOMES
KRNY,465588980.61,7.35,N/A,"SAVINGS INSTITUTION, FEDERALLY CHARTERED"
CBNK,465392710.71000004,28.04,N/A,NATIONAL COMMERCIAL BANKS
ANSC,464913582.03,0.0,N/A,BLANK CHECKS
EU,464460411.52,2.72,N/A,MISCELLANEOUS METAL ORES
TCPC,464080472.39,5.55,N/A,
SCVL,462089459.84,17.5,N/A,RETAIL-SHOE STORES
GTEN,462018750.0,10.32,N/A,BLANK CHECKS
CLNE,460532097.90000004,2.16,N/A,GAS & OTHER SERVICES COMBINED
YORW,459600211.2,31.71,N/A,WATER SUPPLY
DHIL,458547672.0,170.22,N/A,INVESTMENT ADVICE
IMXI,456479708.15999997,15.34,N/A,"SERVICES-BUSINESS SERVICES, NEC"
MSBI,456249933.57000005,21.21,N/A,STATE COMMERCIAL BANKS
BNTC,456124184.22,12.585,N/A,PHARMACEUTICAL PREPARATIONS
ENTA,455163217.77,14.42,N/A,PHARMACEUTICAL PREPARATIONS
APXT,454544400.0,9.89,N/A,BLANK CHECKS
KRT,453645827.85,22.37,N/A,"PLASTICS PRODUCTS, NEC"
GLOO,453486080.96000004,5.58,N/A,SERVICES-COMPUTER PROCESSING & DATA PREPARATION
ETON,453484516.85,16.26,N/A,PHARMACEUTICAL PREPARATIONS
HBCP,452466723.2,57.44,N/A,"SAVINGS INSTITUTIONS, NOT FEDERALLY CHARTERED"
PURR,452211004.28000003,3.44,N/A,FINANCE SERVICES
FBIZ,452007209.4,53.58,N/A,STATE COMMERCIAL BANKS
STKL,449224284.59999996,3.71,N/A,BEVERAGES
PEPG,447550938.24,7.17,N/A,PHARMACEUTICAL PREPARATIONS
PANL,447018973.44,6.68,N/A,DEEP SEA FOREIGN TRANSPORTATION OF FREIGHT
PRTH,446200045.6,5.32,N/A,"SERVICES-BUSINESS SERVICES, NEC"
KIDS,445373380.8,17.56,N/A,SURGICAL & MEDICAL INSTRUMENTS & APPARATUS
LE,443601507.36,14.59,N/A,RETAIL-FAMILY CLOTHING STORES
COFS,443500568.64,28.97,N/A,STATE COMMERCIAL BANKS
SBC,442106624.33,4.33,N/A,SERVICES-OFFICES & CLINICS OF DOCTORS OF MEDICINE
JOUT,441872407.8,43.29,N/A,"SPORTING & ATHLETIC GOODS, NEC"
ZUMZ,441536506.90000004,25.89,N/A,RETAIL-APPAREL & ACCESSORY STORES
BSRR,440606727.44,32.43,N/A,STATE COMMERCIAL BANKS
FUFU,439513277.28000003,2.8,N/A,
SLDB,439413747.96,5.45,N/A,"BIOLOGICAL PRODUCTS, (NO DISGNOSTIC SUBSTANCES)"
SWBI,439153263.15,9.98,N/A,"ORDNANCE & ACCESSORIES, (NO VEHICLES/GUIDED MISSILES)"
SIGA,437545055.22,6.27,N/A,PHARMACEUTICAL PREPARATIONS
MNPR,436372735.2,66.01,N/A,PHARMACEUTICAL PREPARATIONS
FRPH,435642746.38,22.77,N/A,REAL ESTATE
CARE,434231285.04,19.43,N/A,NATIONAL COMMERCIAL BANKS
ABAT,434099659.71999997,3.7,N/A,MINING & QUARRYING OF NONMETALLIC MINERALS (NO FUELS)
MLAB,433500471.5,79.43,N/A,"INDUSTRIAL INSTRUMENTS FOR MEASUREMENT, DISPLAY, AND CONTROL"
TWFG,432375152.37,28.0,N/A,"INSURANCE AGENTS, BROKERS & SERVICE"
MBVI,431250000.0,10.01,N/A,BLANK CHECKS
CWBC,431109067.5,22.05,N/A,STATE COMMERCIAL BANKS
EOLS,431051563.6,6.72,N/A,PHARMACEUTICAL PREPARATIONS
TSAT,430628085.6,29.16,N/A,
ASTL,430228588.2,3.92,N/A,
CIVB,429132171.38,21.88,N/A,STATE COMMERCIAL BANKS
FDMT,428513062.5,7.32,N/A,"BIOLOGICAL PRODUCTS, (NO DISGNOSTIC SUBSTANCES)"
RXST,428435388.8,10.38,N/A,OPHTHALMIC GOODS
SNDL,427450000.0,1.74,N/A,
AKBA,427239248.73,1.55,N/A,PHARMACEUTICAL PREPARATIONS
VERI,426898006.95000005,4.79,N/A,SERVICES-COMPUTER PROCESSING & DATA PREPARATION
NRC,425279792.17,18.03,N/A,SERVICES-COMMERCIAL PHYSICAL & BIOLOGICAL RESEARCH
IMRX,424870382.86,6.62,N/A,PHARMACEUTICAL PREPARATIONS
DRTS,422057522.7,4.83,N/A,
SFST,421906399.04,51.7,N/A,NATIONAL COMMERCIAL BANKS
VFF,421639845.9,3.69,N/A,
OCGN,421632151.20000005,1.38,N/A,"BIOLOGICAL PRODUCTS, (NO DISGNOSTIC SUBSTANCES)"
SGHT,419272826.83,7.48,N/A,SURGICAL & MEDICAL INSTRUMENTS & APPARATUS
BMRC,418621482.36,25.79,N/A,STATE COMMERCIAL BANKS
LXRX,417908688.99999994,1.14,N/A,PHARMACEUTICAL PREPARATIONS
CTNM,417531602.07,11.39,N/A,PHARMACEUTICAL PREPARATIONS
SRTA,415422990.05999994,4.93,N/A,SERVICES-HEALTH SERVICES
CCSI,414706010.5,21.72,N/A,SERVICES-PREPACKAGED SOFTWARE
DMAC,414536414.44,7.93,N/A,PHARMACEUTICAL PREPARATIONS
AMCX,414374840.88,9.25,N/A,CABLE & OTHER PAY TELEVISION SERVICES
BCAR,413236000.0,10.05,N/A,BLANK CHECKS
KOPN,412681667.58,2.49,N/A,SEMICONDUCTORS & RELATED DEVICES
AENT,411735549.6,8.01,N/A,"WHOLESALE-DURABLE GOODS, NEC"
PUBM,411699293.73999995,8.59,N/A,"SERVICES-COMPUTER PROGRAMMING, DATA PROCESSING, ETC."
LTBR,409173712.32,14.11,N/A,INDUSTRIAL INORGANIC CHEMICALS
ATEX,408583923.74999994,22.23,N/A,TELEPHONE COMMUNICATIONS (NO RADIOTELEPHONE)
FRBA,408381159.20000005,16.16,N/A,
KMDA,407232025.4,7.03,N/A,
CLPT,406956853.44,14.03,N/A,SURGICAL & MEDICAL INSTRUMENTS & APPARATUS
GBLI,406513814.52,28.74,N/A,"FIRE, MARINE & CASUALTY INSURANCE"
KFII,405907660.4,10.33,N/A,BLANK CHECKS
CLFD,403409648.4,29.49,N/A,TELEPHONE & TELEGRAPH APPARATUS
BMBL,402478140.75,3.62,N/A,"SERVICES-COMPUTER PROGRAMMING, DATA PROCESSING, ETC."
LSAK,401092123.22999996,4.59,N/A,"FUNCTIONS RELATED TO DEPOSITORY BANKING, NEC"
WILC,400714444.7,28.7,N/A,
ULH,399953581.02,15.4,N/A,TRUCKING (NO LOCAL)
VSTA,398010120.75,4.925,N/A,
CERS,395700252.06,1.97,N/A,SURGICAL & MEDICAL INSTRUMENTS & APPARATUS
WEST,394077383.70000005,4.07,N/A,BEVERAGES
NPAC,393889864.5,10.28,N/A,BLANK CHECKS
EVGO,393381753.03000003,3.08,N/A,"SERVICES-AUTOMOTIVE REPAIR, SERVICES & PARKING"
TRDA,392893704.96,10.05,N/A,PHARMACEUTICAL PREPARATIONS
PDLB,392418393.75000006,16.1,N/A,"SAVINGS INSTITUTION, FEDERALLY CHARTERED"
AFJK,391852129.33000004,75.86,N/A,BLANK CHECKS
PERI,391797551.84,9.35,N/A,
TROO,390912531.20000005,3.55,N/A,BLANK CHECKS
TECX,390421600.8,20.91,N/A,"BIOLOGICAL PRODUCTS, (NO DISGNOSTIC SUBSTANCES)"
CGC,390103389.84,1.19,N/A,MEDICINAL CHEMICALS & BOTANICAL PRODUCTS
CCIX,389722375.0,10.61,N/A,SERVICES-COMPUTER INTEGRATED SYSTEMS DESIGN
TTGT,389652692.40000004,5.17,N/A,TELEGRAPH & OTHER MESSAGE COMMUNICATIONS
BRCB,388895557.0,22.31,N/A,RETAIL-EATING & DRINKING PLACES
CVGW,388309775.25,21.8,N/A,
BSVN,387399922.2,41.38,N/A,STATE COMMERCIAL BANKS
GPAT,384171875.0,10.67,N/A,BLANK CHECKS
ALF,382734375.0,10.64,N/A,BLANK CHECKS
NATH,382655450.7,91.985,N/A,RETAIL-EATING PLACES
ESEA,382561015.2,54.22,N/A,
EPRX,382394899.05,7.57,N/A,
MBAV,382015625.0,10.63,N/A,BLANK CHECKS
OBT,381620427.0,28.38,N/A,STATE COMMERCIAL BANKS
BYRN,381561396.84999996,16.72,N/A,"MISCELLANEOUS ELECTRICAL MACHINERY, EQUIPMENT & SUPPLIES"
TACO,380440125.0,10.17,N/A,BLANK CHECKS
RCKT,379860020.28,3.46,N/A,PHARMACEUTICAL PREPARATIONS
RDAG,379687500.0,0.0,N/A,BLANK CHECKS
WENN,378939375.0,10.1,N/A,BLANK CHECKS
GCBC,378506386.44,21.76,N/A,"SAVINGS INSTITUTIONS, NOT FEDERALLY CHARTERED"
NATR,377554249.53999996,20.97,N/A,PHARMACEUTICAL PREPARATIONS
ALT,376676009.84999996,3.51,N/A,PHARMACEUTICAL PREPARATIONS
TLS,376147077.9,4.96,N/A,SERVICES-COMPUTER INTEGRATED SYSTEMS DESIGN
WTBA,375916019.15000004,21.77,N/A,STATE COMMERCIAL BANKS
BYND,371927548.41999996,0.8814,N/A,FOOD AND KINDRED PRODUCTS
NEXN,371135987.88,6.32,N/A,
LWAY,368992927.49,22.8,N/A,DAIRY PRODUCTS
SLP,367235401.72,18.11,N/A,SERVICES-COMPUTER INTEGRATED SYSTEMS DESIGN
ISBA,366754800.0,50.3,N/A,STATE COMMERCIAL BANKS
CDRO,365808039.19,8.05,N/A,
NCMI,365003239.63,3.84,N/A,SERVICES-ADVERTISING
BACQ,361889329.76000005,10.74,N/A,BLANK CHECKS
BWFG,360944438.26,45.06,N/A,STATE COMMERCIAL BANKS
VALU,360852819.39,37.25,N/A,INVESTMENT ADVICE
ACTG,360761813.72,3.74,N/A,PATENT OWNERS & LESSORS
GIW,360708643.73,9.89,N/A,BLANK CHECKS
ELVA,359544128.5,7.92,N/A,
CZNC,359063778.41,19.97,N/A,STATE COMMERCIAL BANKS
SDHI,358134640.0,10.225,N/A,BLANK CHECKS
JACK,358094814.8,18.72,N/A,RETAIL-EATING PLACES
CAEP,357816000.0,10.21,N/A,BLANK CHECKS
DCTH,356668551.8,9.95,N/A,SURGICAL & MEDICAL INSTRUMENTS & APPARATUS
RMNI,355997760.0,3.8,N/A,"SERVICES-BUSINESS SERVICES, NEC"
CCII,355259729.92,10.24,N/A,BLANK CHECKS
CGCT,355177500.0,10.32,N/A,BLANK CHECKS
SSP,354320498.70000005,3.95,N/A,TELEVISION BROADCASTING STATIONS
RLMD,354201394.26,4.37,N/A,PHARMACEUTICAL PREPARATIONS
TACH,353659500.0,10.23,N/A,BLANK CHECKS
DOMO,352361287.56,8.3,N/A,SERVICES-PREPACKAGED SOFTWARE
CD,352247741.09,4.46,N/A,
RBB,351847954.08,20.48,N/A,STATE COMMERCIAL BANKS
TITN,351487416.96,14.96,N/A,"RETAIL-RETAIL STORES, NEC"
GIG,351333329.82,10.54,N/A,BLANK CHECKS
PALI,350627543.5,2.5,N/A,"BIOLOGICAL PRODUCTS, (NO DISGNOSTIC SUBSTANCES)"
TOI,350237570.4,3.67,N/A,SERVICES-OFFICES & CLINICS OF DOCTORS OF MEDICINE
XFOR,349746752.0,3.89,N/A,"BIOLOGICAL PRODUCTS, (NO DISGNOSTIC SUBSTANCES)"
IPCX,349559596.62,10.15,N/A,BLANK CHECKS
FCEL,348955525.53999996,8.17,N/A,ELECTRICAL INDUSTRIAL APPARATUS
TLSI,348750890.78000003,6.1,N/A,SURGICAL & MEDICAL INSTRUMENTS & APPARATUS
ATNI,347868514.8,22.22,N/A,TELEPHONE COMMUNICATIONS (NO RADIOTELEPHONE)
BDCI,347814136.67,10.02,N/A,BLANK CHECKS
DMAA,347713544.9106,10.38,N/A,BLANK CHECKS
KCHV,347369863.62,10.1501,N/A,BLANK CHECKS
CTRN,346829005.6,41.53,N/A,RETAIL-APPAREL & ACCESSORY STORES
AURA,346092816.05,5.3,N/A,"BIOLOGICAL PRODUCTS, (NO DISGNOSTIC SUBSTANCES)"
PHOE,345600000.0,16.24,N/A,
BBCP,345393559.5,6.92,N/A,CONSTRUCTION - SPECIAL TRADE CONTRACTORS
ATGL,344560125.0,20.5,N/A,
CEPT,344330800.0,11.25,N/A,BLANK CHECKS
BLZR,344093750.0,10.04,N/A,BLANK CHECKS
TLNC,343527690.0,10.1,N/A,BLANK CHECKS
ADUR,343463298.08,10.57,N/A,
OYSE,342873067.5,0.0,N/A,BLANK CHECKS
FRST,342803395.35,13.05,N/A,STATE COMMERCIAL BANKS
ARQQ,342462674.91999996,24.54,N/A,
CNCK,342271505.52,2.67,N/A,
ORBS,342248693.95,1.82,N/A,SHORT-TERM BUSINESS CREDIT INSTITUTIONS
FBRX,341609517.45,23.61,N/A,PHARMACEUTICAL PREPARATIONS
LAND,340991521.95,9.13,N/A,REAL ESTATE INVESTMENT TRUSTS
ZURA,340722133.92,5.55,N/A,"BIOLOGICAL PRODUCTS, (NO DISGNOSTIC SUBSTANCES)"
FMAO,339898615.68,24.33,N/A,"SAVINGS INSTITUTION, FEDERALLY CHARTERED"
HCMA,338682663.32,10.07,N/A,BLANK CHECKS
PBFS,338085773.56,13.31,N/A,"SAVINGS INSTITUTIONS, NOT FEDERALLY CHARTERED"
VACH,337438750.0,10.66,N/A,"BIOLOGICAL PRODUCTS, (NO DISGNOSTIC SUBSTANCES)"
VELO,337296870.9,16.58,N/A,"SPECIAL INDUSTRY MACHINERY, NEC"
ISSC,336229584.76000005,18.75,N/A,SERVICES-COMPUTER PROGRAMMING SERVICES
ASLE,335485428.21000004,7.22,N/A,"WHOLESALE-MACHINERY, EQUIPMENT & SUPPLIES"
CMRC,334804985.52,4.06,N/A,SERVICES-PREPACKAGED SOFTWARE
USCB,333593291.70000005,18.205,N/A,STATE COMMERCIAL BANKS
BLUW,333418560.0,10.33,N/A,BLANK CHECKS
RTAC,332490942.96,10.66,N/A,BLANK CHECKS
BEAG,331344440.0,10.59,N/A,BLANK CHECKS
TBRG,331248321.02,20.9,N/A,SERVICES-COMPUTER PROGRAMMING SERVICES
AVTX,329312858.88,17.02,N/A,PHARMACEUTICAL PREPARATIONS
XOMA,329266708.77,27.99,N/A,PHARMACEUTICAL PREPARATIONS
MTRX,329056965.9,12.05,N/A,CONSTRUCTION - SPECIAL TRADE CONTRACTORS
CARL,328422413.8,11.63,N/A,SURGICAL & MEDICAL INSTRUMENTS & APPARATUS
NEWT,327870798.25,11.43,N/A,NATIONAL COMMERCIAL BANKS
PTLO,326572705.56,4.59,N/A,RETAIL-EATING PLACES
ACRS,326119169.39,2.88,N/A,PHARMACEUTICAL PREPARATIONS
ARTNA,325998513.45,31.42,N/A,WATER SUPPLY
CUB,325989736.87670004,10.63,N/A,BLANK CHECKS
CEPV,325847500.0,10.28,N/A,BLANK CHECKS
MVBF,325053347.21999997,25.46,N/A,STATE COMMERCIAL BANKS
NKLR,324790379.76,5.24,N/A,FABRICATED PLATE WORK (BOILER SHOPS)
SIMA,324760003.53,10.57,N/A,BLANK CHECKS
NFE,324390204.53999996,1.11,N/A,NATURAL GAS DISTRIBUTION
VOXR,323594699.76,4.68,N/A,
XRPN,323481600.0,10.22,N/A,BLANK CHECKS
CHAC,322812796.40999997,10.89,N/A,BLANK CHECKS
RWAY,322676950.40999997,9.04,N/A,
MLAC,322322000.0,10.41,N/A,BLANK CHECKS
FERA,321734003.42999995,10.255,N/A,BLANK CHECKS
PCAP,320918400.0,10.14,N/A,BLANK CHECKS
BCML,320394232.2,28.82,N/A,STATE COMMERCIAL BANKS
DENN,320323742.68,6.21,N/A,RETAIL-EATING PLACES
DRDB,319853336.81,10.4252,N/A,BLANK CHECKS
TVA,319500000.0,10.7,N/A,BLANK CHECKS
NGNE,319089880.0,20.16,N/A,PHARMACEUTICAL PREPARATIONS
TRON,318823096.0,1.36,N/A,FINANCE SERVICES
OBA,318780000.0,0.0,N/A,BLANK CHECKS
STRT,318666533.94,76.03,N/A,MOTOR VEHICLE PARTS & ACCESSORIES
AVXL,318079260.92,3.68,N/A,"BIOLOGICAL PRODUCTS, (NO DISGNOSTIC SUBSTANCES)"
CAMP,318031351.42,6.0,N/A,PHARMACEUTICAL PREPARATIONS
PACH,317831250.0,0.0,N/A,BLANK CHECKS
SZZL,317669336.72,10.155,N/A,BLANK CHECKS
CRAQ,317644626.0,0.0,N/A,BLANK CHECKS
PROK,317061803.52000004,2.23,N/A,"BIOLOGICAL PRODUCTS, (NO DISGNOSTIC SUBSTANCES)"
PMTR,316886140.0,10.26,N/A,BLANK CHECKS
SOPH,316845760.86,4.67,N/A,
USAU,316622927.01,18.48,N/A,METAL MINING
LRMR,316574393.52,3.47,N/A,PHARMACEUTICAL PREPARATIONS
VCIC,315920007.18,10.75,N/A,BLANK CHECKS
ACIU,315884000.0,3.36,N/A,
EVOX,315840000.0,9.87,N/A,BLANK CHECKS
LOCO,313328620.1,10.32,N/A,RETAIL-EATING PLACES
ALDF,313317564.86,10.495,N/A,BLANK CHECKS
RNGT,312640136.66,9.99,N/A,BLANK CHECKS
ALDX,311643164.14,4.67,N/A,PHARMACEUTICAL PREPARATIONS
SVAC,311266670.05,10.1,N/A,BLANK CHECKS
KELYA,310983252.8,8.64,N/A,SERVICES-HELP SUPPLY SERVICES
PLBC,310841920.65999997,43.95,N/A,SHORT-TERM BUSINESS CREDIT INSTITUTIONS
CADL,310175411.95000005,5.44,N/A,"BIOLOGICAL PRODUCTS, (NO DISGNOSTIC SUBSTANCES)"
POLE,310150100.0,0.0,N/A,BLANK CHECKS
FSBW,309535080.54,40.85,N/A,"SAVINGS INSTITUTIONS, NOT FEDERALLY CHARTERED"
LNKB,309402369.64,8.19,N/A,STATE COMMERCIAL BANKS
SVC,309278613.52000004,1.9,N/A,REAL ESTATE INVESTMENT TRUSTS
PCB,308745324.09999996,21.58,N/A,STATE COMMERCIAL BANKS
MCFT,308021170.18,18.9,N/A,SHIP & BOAT BUILDING & REPAIRING
ALLO,307880297.28000003,1.35,N/A,"BIOLOGICAL PRODUCTS, (NO DISGNOSTIC SUBSTANCES)"
KELYB,307626047.23,0.0,N/A,SERVICES-HELP SUPPLY SERVICES
ALMU,306619507.71000004,17.8,N/A,SEMICONDUCTORS & RELATED DEVICES
ATII,306552400.0,10.35,N/A,BLANK CHECKS
LFCR,306474759.36,7.74,N/A,PHARMACEUTICAL PREPARATIONS
WSBF,305461992.90000004,16.46,N/A,"SAVINGS INSTITUTION, FEDERALLY CHARTERED"
FHTX,305376960.6,5.19,N/A,PHARMACEUTICAL PREPARATIONS
NECB,304866298.73,22.77,N/A,"SAVINGS INSTITUTIONS, NOT FEDERALLY CHARTERED"
LPAA,304462500.0,10.6,N/A,BLANK CHECKS
NMRA,304189809.39,1.66,N/A,"BIOLOGICAL PRODUCTS, (NO DISGNOSTIC SUBSTANCES)"
XRX,303454826.07,2.46,N/A,"COMPUTER PERIPHERAL EQUIPMENT, NEC"
VUZI,302878117.08,3.85,N/A,RADIO & TV BROADCASTING & COMMUNICATIONS EQUIPMENT
LWAC,301652250.0,0.0,N/A,BLANK CHECKS
PKOH,301624094.58000004,20.79,N/A,METAL FORGINGS & STAMPINGS
LPBB,301587500.0,10.485,N/A,BLANK CHECKS
GUTS,301497768.0,2.25,N/A,SURGICAL & MEDICAL INSTRUMENTS & APPARATUS
BRR,300638112.12,3.55,N/A,FINANCE SERVICES
CBK,300605656.64,24.12,N/A,STATE COMMERCIAL BANKS
MENS,300309284.65000004,3.41,N/A,
